,Unnamed: 0,Date,DateSat,x,y,z,ChType,BFO,BTO,bias,dist
0,0,2014-03-07 16:00:13.406,2014-03-07 16:00:13.400,18118.97218127657,38081.753777175014,707.6452727787902,R-Channel RX,103.0,14820.0,-0.460468140727088,32070.372576363858
1,1,2014-03-07 16:00:17.430,2014-03-07 16:00:17.400,18118.95118534367,38081.762045250696,706.9758337180025,R-Channel RX,103.0,14740.0,-0.460468140727088,32058.445656814372
2,2,2014-03-07 16:00:17.906,2014-03-07 16:00:17.900,18118.943366968993,38081.765120874574,706.7264896937825,R-Channel RX,103.0,14780.0,-0.460468140727088,32064.47287634005
3,3,2014-03-07 16:00:18.406,2014-03-07 16:00:18.400,18118.943366968993,38081.765120874574,706.7264896937825,R-Channel RX,103.0,14820.0,-0.460468140727088,32070.47287634005
4,4,2014-03-07 16:00:22.906,2014-03-07 16:00:22.900,18118.95230269508,38081.76160552138,707.0114505376656,R-Channel RX,104.0,14740.0,-0.460468140727088,32058.441768640194
5,5,2014-03-07 16:00:23.407,2014-03-07 16:00:23.400,18118.943366968993,38081.765120874574,706.7264896937825,R-Channel RX,103.0,14820.0,-0.460468140727088,32070.47287634005
6,6,2014-03-07 16:00:27.741,2014-03-07 16:00:27.700,18118.95185525679,38081.76178165426,706.9972039224698,T-Channel RX,86.0,9820.0,-0.5025881407270881,37638.44332395796
7,7,2014-03-07 16:00:27.901,2014-03-07 16:00:27.900,18118.94269632412,38081.7653846541,706.705115208686,T-Channel RX,86.0,9820.0,-0.5025881407270881,37638.47520971972
8,8,2014-03-07 16:00:28.061,2014-03-07 16:00:28.100,18118.94269632412,38081.7653846541,706.705115208686,T-Channel RX,88.0,9820.0,-0.5025881407270881,37638.47520971972
9,9,2014-03-07 16:00:28.221,2014-03-07 16:00:28.200,18118.94247342167,38081.76547227043,706.6979903052354,T-Channel RX,88.0,9820.0,-0.5025881407270881,37638.47598744333
10,10,2014-03-07 16:00:28.405,2014-03-07 16:00:28.400,18118.94269632412,38081.7653846541,706.705115208686,T-Channel RX,88.0,9820.0,-0.5025881407270881,37638.47520971972
11,11,2014-03-07 16:00:28.541,2014-03-07 16:00:28.500,18118.94247342167,38081.76547227043,706.6979903052354,T-Channel RX,88.0,9820.0,-0.5025881407270881,37638.47598744333
12,12,2014-03-07 16:00:32.406,2014-03-07 16:00:32.400,18118.95096162298,38081.762133311364,706.9687102413983,R-Channel RX,85.0,14820.0,-0.460468140727088,32070.446434490623
13,13,2014-03-07 16:01:16.406,2014-03-07 16:01:16.400,18119.04050790983,38081.7267839455,709.8222083371638,R-Channel RX,86.0,14820.0,-0.460468140727088,32070.134913145826
14,14,2014-03-07 16:01:16.906,2014-03-07 16:01:16.900,18118.943366968993,38081.765120874574,706.7264896937825,R-Channel RX,86.0,14820.0,-0.460468140727088,32070.47287634005
15,15,2014-03-07 16:01:19.906,2014-03-07 16:01:19.900,18118.94895172347,38081.76292408567,706.9045972620157,R-Channel RX,87.0,14780.0,-0.460468140727088,32064.45343331992
16,16,2014-03-07 16:01:20.906,2014-03-07 16:01:20.900,18118.94448341055,38081.76468183152,706.7621130847615,R-Channel RX,87.0,14800.0,-0.460468140727088,32067.468987605884
17,17,2014-03-07 16:01:24.241,2014-03-07 16:01:24.200,18118.94962164689,38081.762660527784,706.9259685931274,T-Channel RX,88.0,9800.0,-0.5025881407270881,37635.45110034756
18,18,2014-03-07 16:01:24.401,2014-03-07 16:01:24.400,18118.94269632412,38081.7653846541,706.705115208686,T-Channel RX,88.0,9800.0,-0.5025881407270881,37635.475209719705
19,19,2014-03-07 16:01:24.561,2014-03-07 16:01:24.600,18118.94269632412,38081.7653846541,706.705115208686,T-Channel RX,88.0,9800.0,-0.5025881407270881,37635.475209719705
20,20,2014-03-07 16:01:24.721,2014-03-07 16:01:24.700,18118.94247342167,38081.76547227043,706.6979903052354,T-Channel RX,88.0,9800.0,-0.5025881407270881,37635.475987443315
21,21,2014-03-07 16:01:24.881,2014-03-07 16:01:24.900,18118.94269632412,38081.7653846541,706.705115208686,T-Channel RX,86.0,9800.0,-0.5025881407270881,37635.475209719705
22,22,2014-03-07 16:01:25.041,2014-03-07 16:01:25.000,18118.94247342167,38081.76547227043,706.6979903052354,T-Channel RX,86.0,9800.0,-0.5025881407270881,37635.475987443315
23,23,2014-03-07 16:01:28.906,2014-03-07 16:01:28.900,18118.95096162298,38081.762133311364,706.9687102413983,R-Channel RX,86.0,14800.0,-0.460468140727088,32067.446434490623
24,24,2014-03-07 16:06:34.906,2014-03-07 16:06:34.900,18119.6241760685,38081.490850142996,728.3156848200744,R-Channel RX,88.0,14780.0,-0.460468140727088,32062.11502131808
25,25,2014-03-07 16:06:35.406,2014-03-07 16:06:35.400,18118.943366968993,38081.765120874574,706.7264896937825,R-Channel RX,88.0,14860.0,-0.460468140727088,32076.47287634005
26,26,2014-03-07 16:06:35.907,2014-03-07 16:06:35.900,18118.943366968993,38081.765120874574,706.7264896937825,R-Channel RX,88.0,14800.0,-0.460468140727088,32067.47287634005
27,27,2014-03-07 16:06:36.407,2014-03-07 16:06:36.400,18118.943366968993,38081.765120874574,706.7264896937825,R-Channel RX,88.0,14820.0,-0.460468140727088,32070.47287634005
28,28,2014-03-07 16:06:40.907,2014-03-07 16:06:40.900,18118.95230269508,38081.76160552138,707.0114505376656,R-Channel RX,87.0,14820.0,-0.460468140727088,32070.441768640194
29,29,2014-03-07 16:06:41.409,2014-03-07 16:06:41.400,18118.943366968993,38081.765120874574,706.7264896937825,R-Channel RX,87.0,14820.0,-0.460468140727088,32070.47287634005
30,30,2014-03-07 16:06:41.906,2014-03-07 16:06:41.900,18118.943366968993,38081.765120874574,706.7264896937825,R-Channel RX,87.0,14800.0,-0.460468140727088,32067.47287634005
31,31,2014-03-07 16:06:42.406,2014-03-07 16:06:42.400,18118.943366968993,38081.765120874574,706.7264896937825,R-Channel RX,87.0,14880.0,-0.460468140727088,32079.47287634005
32,32,2014-03-07 16:06:46.416,2014-03-07 16:06:46.400,18118.95118534367,38081.762045250696,706.9758337180025,R-Channel RX,90.0,14840.0,-0.460468140727088,32073.445656814372
33,33,2014-03-07 16:06:46.906,2014-03-07 16:06:46.900,18118.943366968993,38081.765120874574,706.7264896937825,R-Channel RX,86.0,14780.0,-0.460468140727088,32064.47287634005
34,34,2014-03-07 16:06:47.406,2014-03-07 16:06:47.400,18118.943366968993,38081.765120874574,706.7264896937825,R-Channel RX,88.0,14840.0,-0.460468140727088,32073.47287634005
35,35,2014-03-07 16:06:47.907,2014-03-07 16:06:47.900,18118.943366968993,38081.765120874574,706.7264896937825,R-Channel RX,87.0,14800.0,-0.460468140727088,32067.47287634005
36,36,2014-03-07 16:06:52.906,2014-03-07 16:06:52.900,18118.95341892959,38081.76116628729,707.0470664183888,R-Channel RX,87.0,14800.0,-0.460468140727088,32067.437880695164
37,37,2014-03-07 16:06:53.406,2014-03-07 16:06:53.400,18118.943366968993,38081.765120874574,706.7264896937825,R-Channel RX,87.0,14860.0,-0.460468140727088,32076.47287634005
38,38,2014-03-07 16:06:53.906,2014-03-07 16:06:53.900,18118.943366968993,38081.765120874574,706.7264896937825,R-Channel RX,88.0,14780.0,-0.460468140727088,32064.47287634005
39,39,2014-03-07 16:06:54.407,2014-03-07 16:06:54.400,18118.943366968993,38081.765120874574,706.7264896937825,R-Channel RX,88.0,14860.0,-0.460468140727088,32076.47287634005
40,40,2014-03-07 16:06:58.906,2014-03-07 16:06:58.900,18118.95230269508,38081.76160552138,707.0114505376656,R-Channel RX,89.0,14780.0,-0.460468140727088,32064.441768640194
41,41,2014-03-07 16:06:59.406,2014-03-07 16:06:59.400,18118.943366968993,38081.765120874574,706.7264896937825,R-Channel RX,89.0,14900.0,-0.460468140727088,32082.47287634005
42,42,2014-03-07 16:06:59.906,2014-03-07 16:06:59.900,18118.943366968993,38081.765120874574,706.7264896937825,R-Channel RX,89.0,14780.0,-0.460468140727088,32064.47287634005
43,43,2014-03-07 16:07:00.407,2014-03-07 16:07:00.400,18118.943366968993,38081.765120874574,706.7264896937825,R-Channel RX,89.0,14860.0,-0.460468140727088,32076.47287634005
44,44,2014-03-07 16:07:04.906,2014-03-07 16:07:04.900,18118.95230269508,38081.76160552138,707.0114505376656,R-Channel RX,88.0,14820.0,-0.460468140727088,32070.441768640194
45,45,2014-03-07 16:07:05.407,2014-03-07 16:07:05.400,18118.943366968993,38081.765120874574,706.7264896937825,R-Channel RX,88.0,14820.0,-0.460468140727088,32070.47287634005
46,46,2014-03-07 16:07:05.906,2014-03-07 16:07:05.900,18118.943366968993,38081.765120874574,706.7264896937825,R-Channel RX,89.0,14860.0,-0.460468140727088,32076.47287634005
47,47,2014-03-07 16:07:06.407,2014-03-07 16:07:06.400,18118.943366968993,38081.765120874574,706.7264896937825,R-Channel RX,88.0,14820.0,-0.460468140727088,32070.47287634005
48,48,2014-03-07 16:07:10.906,2014-03-07 16:07:10.900,18118.95230269508,38081.76160552138,707.0114505376656,R-Channel RX,87.0,14800.0,-0.460468140727088,32067.441768640194
49,49,2014-03-07 16:07:11.406,2014-03-07 16:07:11.400,18118.943366968993,38081.765120874574,706.7264896937825,R-Channel RX,88.0,14860.0,-0.460468140727088,32076.47287634005
50,50,2014-03-07 16:07:11.906,2014-03-07 16:07:11.900,18118.943366968993,38081.765120874574,706.7264896937825,R-Channel RX,87.0,14840.0,-0.460468140727088,32073.47287634005
51,51,2014-03-07 16:07:15.907,2014-03-07 16:07:15.900,18118.95118534367,38081.762045250696,706.9758337180025,R-Channel RX,84.0,14820.0,-0.460468140727088,32070.445656814372
52,52,2014-03-07 16:07:20.407,2014-03-07 16:07:20.400,18118.95230269508,38081.76160552138,707.0114505376656,R-Channel RX,84.0,14840.0,-0.460468140727088,32073.441768640194
53,53,2014-03-07 16:07:20.907,2014-03-07 16:07:20.900,18118.943366968993,38081.765120874574,706.7264896937825,R-Channel RX,84.0,14800.0,-0.460468140727088,32067.47287634005
54,54,2014-03-07 16:07:21.408,2014-03-07 16:07:21.400,18118.943366968993,38081.765120874574,706.7264896937825,R-Channel RX,84.0,14840.0,-0.460468140727088,32073.47287634005
55,55,2014-03-07 16:07:21.908,2014-03-07 16:07:21.900,18118.943366968993,38081.765120874574,706.7264896937825,R-Channel RX,84.0,14840.0,-0.460468140727088,32073.47287634005
56,56,2014-03-07 16:09:37.407,2014-03-07 16:09:37.400,18119.24462512249,38081.645358782145,716.3105663309947,R-Channel RX,84.0,14840.0,-0.460468140727088,32072.426426060454
57,57,2014-03-07 16:09:41.749,2014-03-07 16:09:41.700,18118.95185525679,38081.76178165426,706.9972039224698,T-Channel RX,88.0,9900.0,-0.5025881407270881,37650.443323957945
58,58,2014-03-07 16:09:41.948,2014-03-07 16:09:41.900,18118.94269632412,38081.7653846541,706.705115208686,T-Channel RX,88.0,9900.0,-0.5025881407270881,37650.475209719705
59,59,2014-03-07 16:09:42.068,2014-03-07 16:09:42.100,18118.94269632412,38081.7653846541,706.705115208686,T-Channel RX,89.0,9900.0,-0.5025881407270881,37650.475209719705
60,60,2014-03-07 16:09:42.260,2014-03-07 16:09:42.300,18118.94269632412,38081.7653846541,706.705115208686,T-Channel RX,89.0,9900.0,-0.5025881407270881,37650.475209719705
61,61,2014-03-07 16:09:42.405,2014-03-07 16:09:42.400,18118.94247342167,38081.76547227043,706.6979903052354,T-Channel RX,90.0,9900.0,-0.5025881407270881,37650.475987443315
62,62,2014-03-07 16:09:42.548,2014-03-07 16:09:42.500,18118.94247342167,38081.76547227043,706.6979903052354,T-Channel RX,90.0,9900.0,-0.5025881407270881,37650.475987443315
63,63,2014-03-07 16:09:42.709,2014-03-07 16:09:42.700,18118.94269632412,38081.7653846541,706.705115208686,T-Channel RX,90.0,9900.0,-0.5025881407270881,37650.475209719705
64,64,2014-03-07 16:09:42.869,2014-03-07 16:09:42.900,18118.94269632412,38081.7653846541,706.705115208686,T-Channel RX,90.0,9900.0,-0.5025881407270881,37650.475209719705
65,65,2014-03-07 16:09:43.028,2014-03-07 16:09:43.000,18118.94247342167,38081.76547227043,706.6979903052354,T-Channel RX,89.0,9900.0,-0.5025881407270881,37650.475987443315
66,66,2014-03-07 16:09:46.907,2014-03-07 16:09:46.900,18118.95096162298,38081.762133311364,706.9687102413983,R-Channel RX,85.0,14840.0,-0.460468140727088,32073.446434490623
67,67,2014-03-07 16:11:03.907,2014-03-07 16:11:03.900,18119.114158509467,38081.69753919574,712.1659266441015,R-Channel RX,84.0,14840.0,-0.460468140727088,32072.879016797975
68,68,2014-03-07 16:11:08.306,2014-03-07 16:11:08.300,18118.952078837567,38081.76169365439,707.0043272488455,T-Channel RX,89.0,9820.0,-0.5025881407270881,37638.442546313716
69,69,2014-03-07 16:11:08.409,2014-03-07 16:11:08.400,18118.94247342167,38081.76547227043,706.6979903052354,T-Channel RX,89.0,9820.0,-0.5025881407270881,37638.47598744333
70,70,2014-03-07 16:11:08.568,2014-03-07 16:11:08.600,18118.94269632412,38081.7653846541,706.705115208686,T-Channel RX,89.0,9820.0,-0.5025881407270881,37638.47520971972
71,71,2014-03-07 16:11:08.746,2014-03-07 16:11:08.700,18118.94247342167,38081.76547227043,706.6979903052354,T-Channel RX,89.0,9820.0,-0.5025881407270881,37638.47598744333
72,72,2014-03-07 16:11:08.888,2014-03-07 16:11:08.900,18118.94269632412,38081.7653846541,706.705115208686,T-Channel RX,89.0,9820.0,-0.5025881407270881,37638.47520971972
73,73,2014-03-07 16:11:09.068,2014-03-07 16:11:09.100,18118.94269632412,38081.7653846541,706.705115208686,T-Channel RX,89.0,9820.0,-0.5025881407270881,37638.47520971972
74,74,2014-03-07 16:11:13.408,2014-03-07 16:11:13.400,18118.95185525679,38081.76178165426,706.9972039224698,R-Channel RX,84.0,14860.0,-0.460468140727088,32076.44332395793
75,75,2014-03-07 16:27:59.407,2014-03-07 16:27:59.400,18121.17076461111,38080.820954122966,776.4050264676773,R-Channel RX,88.0,14920.0,-0.460468140727088,32077.854894505843
76,76,2014-03-07 16:28:10.641,2014-03-07 16:28:10.600,18118.96726753295,38081.75571330791,707.4886253127182,T-Channel RX,87.0,9920.0,-0.5025881407270881,37653.38967724615
77,77,2014-03-07 16:28:10.801,2014-03-07 16:28:10.800,18118.94269632412,38081.7653846541,706.705115208686,T-Channel RX,87.0,9920.0,-0.5025881407270881,37653.475209719705
78,78,2014-03-07 16:28:10.961,2014-03-07 16:28:11.000,18118.94269632412,38081.7653846541,706.705115208686,T-Channel RX,88.0,9920.0,-0.5025881407270881,37653.475209719705
79,79,2014-03-07 16:28:11.142,2014-03-07 16:28:11.100,18118.94247342167,38081.76547227043,706.6979903052354,T-Channel RX,88.0,9920.0,-0.5025881407270881,37653.475987443315
80,80,2014-03-07 16:28:11.281,2014-03-07 16:28:11.300,18118.94269632412,38081.7653846541,706.705115208686,T-Channel RX,88.0,9920.0,-0.5025881407270881,37653.475209719705
81,81,2014-03-07 16:28:11.479,2014-03-07 16:28:11.500,18118.94269632412,38081.7653846541,706.705115208686,T-Channel RX,88.0,9920.0,-0.5025881407270881,37653.475209719705
82,82,2014-03-07 16:28:11.601,2014-03-07 16:28:11.600,18118.94247342167,38081.76547227043,706.6979903052354,T-Channel RX,88.0,9920.0,-0.5025881407270881,37653.475987443315
83,83,2014-03-07 16:28:11.761,2014-03-07 16:28:11.800,18118.94269632412,38081.7653846541,706.705115208686,T-Channel RX,88.0,9920.0,-0.5025881407270881,37653.475209719705
84,84,2014-03-07 16:28:11.952,2014-03-07 16:28:12.000,18118.94269632412,38081.7653846541,706.705115208686,T-Channel RX,88.0,9920.0,-0.5025881407270881,37653.475209719705
85,85,2014-03-07 16:28:12.081,2014-03-07 16:28:12.100,18118.94247342167,38081.76547227043,706.6979903052354,T-Channel RX,88.0,9920.0,-0.5025881407270881,37653.475987443315
86,86,2014-03-07 16:28:12.258,2014-03-07 16:28:12.300,18118.94269632412,38081.7653846541,706.705115208686,T-Channel RX,88.0,9920.0,-0.5025881407270881,37653.475209719705
87,87,2014-03-07 16:28:15.909,2014-03-07 16:28:15.900,18118.950291705733,38081.76239689239,706.9473395862568,R-Channel RX,85.0,14860.0,-0.460468140727088,32076.448767393435
88,88,2014-03-07 16:29:17.407,2014-03-07 16:29:17.400,18119.07957013473,38081.711292422784,711.0656015205861,R-Channel RX,95.0,14860.0,-0.460468140727088,32075.99915776088
89,89,2014-03-07 16:29:21.748,2014-03-07 16:29:21.700,18118.95185525679,38081.76178165426,706.9972039224698,T-Channel RX,99.0,9940.0,-0.5025881407270881,37656.44332395793
90,90,2014-03-07 16:29:21.908,2014-03-07 16:29:21.900,18118.94269632412,38081.7653846541,706.705115208686,T-Channel RX,99.0,9940.0,-0.5025881407270881,37656.47520971969
91,91,2014-03-07 16:29:22.068,2014-03-07 16:29:22.100,18118.94269632412,38081.7653846541,706.705115208686,T-Channel RX,98.0,9940.0,-0.5025881407270881,37656.47520971969
92,92,2014-03-07 16:29:22.228,2014-03-07 16:29:22.200,18118.94247342167,38081.76547227043,706.6979903052354,T-Channel RX,98.0,9940.0,-0.5025881407270881,37656.4759874433
93,93,2014-03-07 16:29:22.388,2014-03-07 16:29:22.400,18118.94269632412,38081.7653846541,706.705115208686,T-Channel RX,99.0,9940.0,-0.5025881407270881,37656.47520971969
94,94,2014-03-07 16:29:22.570,2014-03-07 16:29:22.600,18118.94269632412,38081.7653846541,706.705115208686,T-Channel RX,99.0,9940.0,-0.5025881407270881,37656.47520971969
95,95,2014-03-07 16:29:22.708,2014-03-07 16:29:22.700,18118.94247342167,38081.76547227043,706.6979903052354,T-Channel RX,100.0,9940.0,-0.5025881407270881,37656.4759874433
96,96,2014-03-07 16:29:22.895,2014-03-07 16:29:22.900,18118.94269632412,38081.7653846541,706.705115208686,T-Channel RX,100.0,9940.0,-0.5025881407270881,37656.47520971969
97,97,2014-03-07 16:29:23.028,2014-03-07 16:29:23.000,18118.94247342167,38081.76547227043,706.6979903052354,T-Channel RX,99.0,9940.0,-0.5025881407270881,37656.4759874433
98,98,2014-03-07 16:29:23.197,2014-03-07 16:29:23.200,18118.94269632412,38081.7653846541,706.705115208686,T-Channel RX,99.0,9940.0,-0.5025881407270881,37656.47520971969
99,99,2014-03-07 16:29:23.348,2014-03-07 16:29:23.300,18118.94247342167,38081.76547227043,706.6979903052354,T-Channel RX,99.0,9940.0,-0.5025881407270881,37656.4759874433
100,100,2014-03-07 16:29:23.508,2014-03-07 16:29:23.500,18118.94269632412,38081.7653846541,706.705115208686,T-Channel RX,99.0,9940.0,-0.5025881407270881,37656.47520971969
101,101,2014-03-07 16:29:23.668,2014-03-07 16:29:23.700,18118.94269632412,38081.7653846541,706.705115208686,T-Channel RX,99.0,9940.0,-0.5025881407270881,37656.47520971969
102,102,2014-03-07 16:29:23.829,2014-03-07 16:29:23.800,18118.94247342167,38081.76547227043,706.6979903052354,T-Channel RX,99.0,9940.0,-0.5025881407270881,37656.4759874433
103,103,2014-03-07 16:29:23.988,2014-03-07 16:29:24.000,18118.94269632412,38081.7653846541,706.705115208686,T-Channel RX,98.0,9940.0,-0.5025881407270881,37656.47520971969
104,104,2014-03-07 16:29:24.029,2014-03-07 16:29:24.000,18118.94224996472,38081.76556014915,706.6908653642441,T-Channel RX,98.0,9940.0,-0.5025881407270881,37656.47676523704
105,105,2014-03-07 16:29:25.760,2014-03-07 16:29:25.800,18118.9462708907,38081.763978728966,706.8191085579738,T-Channel RX,100.0,9940.0,-0.5025881407270881,37656.46276568951
106,106,2014-03-07 16:29:25.909,2014-03-07 16:29:25.900,18118.94247342167,38081.76547227043,706.6979903052354,T-Channel RX,100.0,9940.0,-0.5025881407270881,37656.4759874433
107,107,2014-03-07 16:29:26.081,2014-03-07 16:29:26.100,18118.94269632412,38081.7653846541,706.705115208686,T-Channel RX,98.0,9940.0,-0.5025881407270881,37656.47520971969
108,108,2014-03-07 16:29:26.251,2014-03-07 16:29:26.300,18118.94269632412,38081.7653846541,706.705115208686,T-Channel RX,98.0,9940.0,-0.5025881407270881,37656.47520971969
109,109,2014-03-07 16:29:26.388,2014-03-07 16:29:26.400,18118.94247342167,38081.76547227043,706.6979903052354,T-Channel RX,98.0,9940.0,-0.5025881407270881,37656.4759874433
110,110,2014-03-07 16:29:26.548,2014-03-07 16:29:26.500,18118.94247342167,38081.76547227043,706.6979903052354,T-Channel RX,98.0,9940.0,-0.5025881407270881,37656.4759874433
111,111,2014-03-07 16:29:26.745,2014-03-07 16:29:26.700,18118.94269632412,38081.7653846541,706.705115208686,T-Channel RX,98.0,9940.0,-0.5025881407270881,37656.47520971969
112,112,2014-03-07 16:29:26.868,2014-03-07 16:29:26.900,18118.94269632412,38081.7653846541,706.705115208686,T-Channel RX,98.0,9940.0,-0.5025881407270881,37656.47520971969
113,113,2014-03-07 16:29:27.028,2014-03-07 16:29:27.000,18118.94247342167,38081.76547227043,706.6979903052354,T-Channel RX,98.0,9940.0,-0.5025881407270881,37656.4759874433
114,114,2014-03-07 16:29:27.188,2014-03-07 16:29:27.200,18118.94269632412,38081.7653846541,706.705115208686,T-Channel RX,98.0,9940.0,-0.5025881407270881,37656.47520971969
115,115,2014-03-07 16:29:27.349,2014-03-07 16:29:27.300,18118.94247342167,38081.76547227043,706.6979903052354,T-Channel RX,100.0,9940.0,-0.5025881407270881,37656.4759874433
116,116,2014-03-07 16:29:27.508,2014-03-07 16:29:27.500,18118.94269632412,38081.7653846541,706.705115208686,T-Channel RX,100.0,9940.0,-0.5025881407270881,37656.47520971969
117,117,2014-03-07 16:29:27.668,2014-03-07 16:29:27.700,18118.94269632412,38081.7653846541,706.705115208686,T-Channel RX,99.0,9940.0,-0.5025881407270881,37656.47520971969
118,118,2014-03-07 16:29:27.828,2014-03-07 16:29:27.800,18118.94247342167,38081.76547227043,706.6979903052354,T-Channel RX,99.0,9940.0,-0.5025881407270881,37656.4759874433
119,119,2014-03-07 16:29:27.988,2014-03-07 16:29:28.000,18118.94269632412,38081.7653846541,706.705115208686,T-Channel RX,99.0,9940.0,-0.5025881407270881,37656.47520971969
120,120,2014-03-07 16:29:41.907,2014-03-07 16:29:41.900,18118.97329832819,38081.75333690846,707.6808719383446,R-Channel RX,96.0,14920.0,-0.460468140727088,32085.368690023046
121,121,2014-03-07 16:29:46.242,2014-03-07 16:29:46.200,18118.95185525679,38081.76178165426,706.9972039224698,T-Channel RX,93.0,9900.0,-0.5025881407270881,37650.443323957945
122,122,2014-03-07 16:29:46.402,2014-03-07 16:29:46.400,18118.94269632412,38081.7653846541,706.705115208686,T-Channel RX,93.0,9900.0,-0.5025881407270881,37650.475209719705
123,123,2014-03-07 16:29:46.562,2014-03-07 16:29:46.600,18118.94269632412,38081.7653846541,706.705115208686,T-Channel RX,93.0,9900.0,-0.5025881407270881,37650.475209719705
124,124,2014-03-07 16:29:46.744,2014-03-07 16:29:46.700,18118.94247342167,38081.76547227043,706.6979903052354,T-Channel RX,93.0,9900.0,-0.5025881407270881,37650.475987443315
125,125,2014-03-07 16:29:46.882,2014-03-07 16:29:46.900,18118.94269632412,38081.7653846541,706.705115208686,T-Channel RX,91.0,9900.0,-0.5025881407270881,37650.475209719705
126,126,2014-03-07 16:29:47.042,2014-03-07 16:29:47.000,18118.94247342167,38081.76547227043,706.6979903052354,T-Channel RX,91.0,9900.0,-0.5025881407270881,37650.475987443315
127,127,2014-03-07 16:29:47.202,2014-03-07 16:29:47.200,18118.94269632412,38081.7653846541,706.705115208686,T-Channel RX,93.0,9900.0,-0.5025881407270881,37650.475209719705
128,128,2014-03-07 16:29:47.362,2014-03-07 16:29:47.400,18118.94269632412,38081.7653846541,706.705115208686,T-Channel RX,93.0,9900.0,-0.5025881407270881,37650.475209719705
129,129,2014-03-07 16:29:47.522,2014-03-07 16:29:47.500,18118.94247342167,38081.76547227043,706.6979903052354,T-Channel RX,92.0,9900.0,-0.5025881407270881,37650.475987443315
130,130,2014-03-07 16:29:47.682,2014-03-07 16:29:47.700,18118.94269632412,38081.7653846541,706.705115208686,T-Channel RX,92.0,9900.0,-0.5025881407270881,37650.475209719705
131,131,2014-03-07 16:29:47.856,2014-03-07 16:29:47.900,18118.94269632412,38081.7653846541,706.705115208686,T-Channel RX,91.0,9900.0,-0.5025881407270881,37650.475209719705
132,132,2014-03-07 16:29:48.039,2014-03-07 16:29:48.000,18118.94247342167,38081.76547227043,706.6979903052354,T-Channel RX,91.0,9900.0,-0.5025881407270881,37650.475987443315
133,133,2014-03-07 16:29:48.162,2014-03-07 16:29:48.200,18118.94269632412,38081.7653846541,706.705115208686,T-Channel RX,93.0,9900.0,-0.5025881407270881,37650.475209719705
134,134,2014-03-07 16:29:48.322,2014-03-07 16:29:48.300,18118.94247342167,38081.76547227043,706.6979903052354,T-Channel RX,93.0,9900.0,-0.5025881407270881,37650.475987443315
135,135,2014-03-07 16:29:49.907,2014-03-07 16:29:49.900,18118.94582440371,38081.76415433104,706.804859914949,R-Channel RX,87.0,14940.0,-0.460468140727088,32088.464321099862
136,136,2014-03-07 16:29:52.406,2014-03-07 16:29:52.400,18118.94783434636,38081.76336371864,706.8689776257942,R-Channel RX,89.0,14920.0,-0.460468140727088,32085.45732178384
137,137,2014-03-07 16:41:52.907,2014-03-07 16:41:52.900,18120.54233733604,38081.10079507734,757.0284429110653,R-Channel RX,141.0,14940.0,-0.460468140727088,32082.97571896857
138,138,2014-03-07 16:41:57.248,2014-03-07 16:41:57.200,18118.95185525679,38081.76178165426,706.9972039224698,T-Channel RX,142.0,9920.0,-0.5025881407270881,37653.443323957945
139,139,2014-03-07 16:41:57.409,2014-03-07 16:41:57.400,18118.94269632412,38081.7653846541,706.705115208686,T-Channel RX,142.0,9920.0,-0.5025881407270881,37653.475209719705
140,140,2014-03-07 16:41:57.569,2014-03-07 16:41:57.600,18118.94269632412,38081.7653846541,706.705115208686,T-Channel RX,140.0,9920.0,-0.5025881407270881,37653.475209719705
141,141,2014-03-07 16:41:57.728,2014-03-07 16:41:57.700,18118.94247342167,38081.76547227043,706.6979903052354,T-Channel RX,140.0,9920.0,-0.5025881407270881,37653.475987443315
142,142,2014-03-07 16:41:57.905,2014-03-07 16:41:57.900,18118.94269632412,38081.7653846541,706.705115208686,T-Channel RX,140.0,9920.0,-0.5025881407270881,37653.475209719705
143,143,2014-03-07 16:41:58.048,2014-03-07 16:41:58.000,18118.94247342167,38081.76547227043,706.6979903052354,T-Channel RX,140.0,9920.0,-0.5025881407270881,37653.475987443315
144,144,2014-03-07 16:41:58.208,2014-03-07 16:41:58.200,18118.94269632412,38081.7653846541,706.705115208686,T-Channel RX,140.0,9920.0,-0.5025881407270881,37653.475209719705
145,145,2014-03-07 16:41:58.399,2014-03-07 16:41:58.400,18118.94269632412,38081.7653846541,706.705115208686,T-Channel RX,140.0,9920.0,-0.5025881407270881,37653.475209719705
146,146,2014-03-07 16:41:58.528,2014-03-07 16:41:58.500,18118.94247342167,38081.76547227043,706.6979903052354,T-Channel RX,141.0,9920.0,-0.5025881407270881,37653.475987443315
147,147,2014-03-07 16:41:58.697,2014-03-07 16:41:58.700,18118.94269632412,38081.7653846541,706.705115208686,T-Channel RX,141.0,9920.0,-0.5025881407270881,37653.475209719705
148,148,2014-03-07 16:41:58.729,2014-03-07 16:41:58.700,18118.94224996472,38081.76556014915,706.6908653642441,T-Channel RX,141.0,9920.0,-0.5025881407270881,37653.47676523706
149,149,2014-03-07 16:42:02.068,2014-03-07 16:42:02.100,18118.94984536961,38081.762572474814,706.9330922950595,T-Channel RX,147.0,9980.0,-0.5025881407270881,37662.450322648154
150,150,2014-03-07 16:42:02.229,2014-03-07 16:42:02.200,18118.94247342167,38081.76547227043,706.6979903052354,T-Channel RX,147.0,9980.0,-0.5025881407270881,37662.475987443315
151,151,2014-03-07 16:42:02.388,2014-03-07 16:42:02.400,18118.94269632412,38081.7653846541,706.705115208686,T-Channel RX,147.0,9980.0,-0.5025881407270881,37662.475209719705
152,152,2014-03-07 16:42:02.553,2014-03-07 16:42:02.600,18118.94269632412,38081.7653846541,706.705115208686,T-Channel RX,147.0,9980.0,-0.5025881407270881,37662.475209719705
153,153,2014-03-07 16:42:02.708,2014-03-07 16:42:02.700,18118.94247342167,38081.76547227043,706.6979903052354,T-Channel RX,148.0,9980.0,-0.5025881407270881,37662.475987443315
154,154,2014-03-07 16:42:02.868,2014-03-07 16:42:02.900,18118.94269632412,38081.7653846541,706.705115208686,T-Channel RX,148.0,9980.0,-0.5025881407270881,37662.475209719705
155,155,2014-03-07 16:42:03.028,2014-03-07 16:42:03.000,18118.94247342167,38081.76547227043,706.6979903052354,T-Channel RX,149.0,9980.0,-0.5025881407270881,37662.475987443315
156,156,2014-03-07 16:42:03.188,2014-03-07 16:42:03.200,18118.94269632412,38081.7653846541,706.705115208686,T-Channel RX,149.0,9980.0,-0.5025881407270881,37662.475209719705
157,157,2014-03-07 16:42:03.348,2014-03-07 16:42:03.300,18118.94247342167,38081.76547227043,706.6979903052354,T-Channel RX,148.0,9980.0,-0.5025881407270881,37662.475987443315
158,158,2014-03-07 16:42:03.508,2014-03-07 16:42:03.500,18118.94269632412,38081.7653846541,706.705115208686,T-Channel RX,148.0,9980.0,-0.5025881407270881,37662.475209719705
159,159,2014-03-07 16:42:04.408,2014-03-07 16:42:04.400,18118.944260649383,38081.76476939223,706.7549884816523,R-Channel RX,146.0,14920.0,-0.460468140727088,32085.46976528201
160,160,2014-03-07 16:42:17.406,2014-03-07 16:42:17.400,18118.97128790619,38081.75412923336,707.6167927744999,R-Channel RX,160.0,14960.0,-0.460468140727088,32091.37568547295
161,161,2014-03-07 16:42:21.748,2014-03-07 16:42:21.700,18118.95185525679,38081.76178165426,706.9972039224698,T-Channel RX,157.0,9940.0,-0.5025881407270881,37656.44332395793
162,162,2014-03-07 16:42:21.909,2014-03-07 16:42:21.900,18118.94269632412,38081.7653846541,706.705115208686,T-Channel RX,157.0,9940.0,-0.5025881407270881,37656.47520971969
163,163,2014-03-07 16:42:22.069,2014-03-07 16:42:22.100,18118.94269632412,38081.7653846541,706.705115208686,T-Channel RX,154.0,9940.0,-0.5025881407270881,37656.47520971969
164,164,2014-03-07 16:42:22.239,2014-03-07 16:42:22.200,18118.94247342167,38081.76547227043,706.6979903052354,T-Channel RX,154.0,9940.0,-0.5025881407270881,37656.4759874433
165,165,2014-03-07 16:42:22.388,2014-03-07 16:42:22.400,18118.94269632412,38081.7653846541,706.705115208686,T-Channel RX,156.0,9940.0,-0.5025881407270881,37656.47520971969
166,166,2014-03-07 16:42:22.550,2014-03-07 16:42:22.500,18118.94247342167,38081.76547227043,706.6979903052354,T-Channel RX,156.0,9940.0,-0.5025881407270881,37656.4759874433
167,167,2014-03-07 16:42:22.708,2014-03-07 16:42:22.700,18118.94269632412,38081.7653846541,706.705115208686,T-Channel RX,157.0,9940.0,-0.5025881407270881,37656.47520971969
168,168,2014-03-07 16:42:22.891,2014-03-07 16:42:22.900,18118.94269632412,38081.7653846541,706.705115208686,T-Channel RX,157.0,9940.0,-0.5025881407270881,37656.47520971969
169,169,2014-03-07 16:42:23.039,2014-03-07 16:42:23.000,18118.94247342167,38081.76547227043,706.6979903052354,T-Channel RX,154.0,9940.0,-0.5025881407270881,37656.4759874433
170,170,2014-03-07 16:42:23.188,2014-03-07 16:42:23.200,18118.94269632412,38081.7653846541,706.705115208686,T-Channel RX,154.0,9940.0,-0.5025881407270881,37656.47520971969
171,171,2014-03-07 16:42:23.348,2014-03-07 16:42:23.300,18118.94247342167,38081.76547227043,706.6979903052354,T-Channel RX,153.0,9940.0,-0.5025881407270881,37656.4759874433
172,172,2014-03-07 16:42:23.508,2014-03-07 16:42:23.500,18118.94269632412,38081.7653846541,706.705115208686,T-Channel RX,153.0,9940.0,-0.5025881407270881,37656.47520971969
173,173,2014-03-07 16:42:23.697,2014-03-07 16:42:23.700,18118.94269632412,38081.7653846541,706.705115208686,T-Channel RX,152.0,9940.0,-0.5025881407270881,37656.47520971969
174,174,2014-03-07 16:42:23.828,2014-03-07 16:42:23.800,18118.94247342167,38081.76547227043,706.6979903052354,T-Channel RX,152.0,9940.0,-0.5025881407270881,37656.4759874433
175,175,2014-03-07 16:42:23.988,2014-03-07 16:42:24.000,18118.94269632412,38081.7653846541,706.705115208686,T-Channel RX,150.0,9940.0,-0.5025881407270881,37656.47520971969
176,176,2014-03-07 16:42:24.028,2014-03-07 16:42:24.000,18118.94224996472,38081.76556014915,706.6908653642441,T-Channel RX,150.0,9940.0,-0.5025881407270881,37656.47676523704
177,177,2014-03-07 16:42:25.748,2014-03-07 16:42:25.700,18118.9460471625,38081.76406676137,706.8119842552356,T-Channel RX,148.0,9940.0,-0.5025881407270881,37656.46354345073
178,178,2014-03-07 16:42:25.909,2014-03-07 16:42:25.900,18118.94269632412,38081.7653846541,706.705115208686,T-Channel RX,148.0,9940.0,-0.5025881407270881,37656.47520971969
179,179,2014-03-07 16:42:26.068,2014-03-07 16:42:26.100,18118.94269632412,38081.7653846541,706.705115208686,T-Channel RX,148.0,9940.0,-0.5025881407270881,37656.47520971969
180,180,2014-03-07 16:42:26.229,2014-03-07 16:42:26.200,18118.94247342167,38081.76547227043,706.6979903052354,T-Channel RX,148.0,9940.0,-0.5025881407270881,37656.4759874433
181,181,2014-03-07 16:42:26.388,2014-03-07 16:42:26.400,18118.94269632412,38081.7653846541,706.705115208686,T-Channel RX,146.0,9940.0,-0.5025881407270881,37656.47520971969
182,182,2014-03-07 16:42:26.548,2014-03-07 16:42:26.500,18118.94247342167,38081.76547227043,706.6979903052354,T-Channel RX,146.0,9940.0,-0.5025881407270881,37656.4759874433
183,183,2014-03-07 16:42:26.709,2014-03-07 16:42:26.700,18118.94269632412,38081.7653846541,706.705115208686,T-Channel RX,148.0,9940.0,-0.5025881407270881,37656.47520971969
184,184,2014-03-07 16:42:26.868,2014-03-07 16:42:26.900,18118.94269632412,38081.7653846541,706.705115208686,T-Channel RX,148.0,9940.0,-0.5025881407270881,37656.47520971969
185,185,2014-03-07 16:42:27.028,2014-03-07 16:42:27.000,18118.94247342167,38081.76547227043,706.6979903052354,T-Channel RX,146.0,9940.0,-0.5025881407270881,37656.4759874433
186,186,2014-03-07 16:42:27.189,2014-03-07 16:42:27.200,18118.94269632412,38081.7653846541,706.705115208686,T-Channel RX,146.0,9940.0,-0.5025881407270881,37656.47520971969
187,187,2014-03-07 16:42:27.348,2014-03-07 16:42:27.300,18118.94247342167,38081.76547227043,706.6979903052354,T-Channel RX,145.0,9940.0,-0.5025881407270881,37656.4759874433
188,188,2014-03-07 16:42:27.509,2014-03-07 16:42:27.500,18118.94269632412,38081.7653846541,706.705115208686,T-Channel RX,145.0,9940.0,-0.5025881407270881,37656.47520971969
189,189,2014-03-07 16:42:27.668,2014-03-07 16:42:27.700,18118.94269632412,38081.7653846541,706.705115208686,T-Channel RX,144.0,9940.0,-0.5025881407270881,37656.47520971969
190,190,2014-03-07 16:42:27.828,2014-03-07 16:42:27.800,18118.94247342167,38081.76547227043,706.6979903052354,T-Channel RX,144.0,9940.0,-0.5025881407270881,37656.4759874433
191,191,2014-03-07 16:42:27.988,2014-03-07 16:42:28.000,18118.94269632412,38081.7653846541,706.705115208686,T-Channel RX,145.0,9940.0,-0.5025881407270881,37656.47520971969
192,192,2014-03-07 16:42:31.906,2014-03-07 16:42:31.900,18118.95096162298,38081.762133311364,706.9687102413983,R-Channel RX,125.0,14900.0,-0.460468140727088,32082.446434490623
193,193,2014-03-07 16:42:32.906,2014-03-07 16:42:32.900,18118.94448341055,38081.76468183152,706.7621130847615,R-Channel RX,127.0,14900.0,-0.460468140727088,32082.468987605884
194,194,2014-03-07 16:42:37.248,2014-03-07 16:42:37.200,18118.95185525679,38081.76178165426,706.9972039224698,T-Channel RX,121.0,9940.0,-0.5025881407270881,37656.44332395793
195,195,2014-03-07 16:42:37.408,2014-03-07 16:42:37.400,18118.94269632412,38081.7653846541,706.705115208686,T-Channel RX,121.0,9940.0,-0.5025881407270881,37656.47520971969
196,196,2014-03-07 16:42:37.568,2014-03-07 16:42:37.600,18118.94269632412,38081.7653846541,706.705115208686,T-Channel RX,121.0,9940.0,-0.5025881407270881,37656.47520971969
197,197,2014-03-07 16:42:37.765,2014-03-07 16:42:37.800,18118.94269632412,38081.7653846541,706.705115208686,T-Channel RX,121.0,9940.0,-0.5025881407270881,37656.47520971969
198,198,2014-03-07 16:42:37.888,2014-03-07 16:42:37.900,18118.94247342167,38081.76547227043,706.6979903052354,T-Channel RX,120.0,9940.0,-0.5025881407270881,37656.4759874433
199,199,2014-03-07 16:42:38.048,2014-03-07 16:42:38.000,18118.94247342167,38081.76547227043,706.6979903052354,T-Channel RX,120.0,9940.0,-0.5025881407270881,37656.4759874433
200,200,2014-03-07 16:42:38.208,2014-03-07 16:42:38.200,18118.94269632412,38081.7653846541,706.705115208686,T-Channel RX,122.0,9940.0,-0.5025881407270881,37656.47520971969
201,201,2014-03-07 16:42:38.368,2014-03-07 16:42:38.400,18118.94269632412,38081.7653846541,706.705115208686,T-Channel RX,122.0,9940.0,-0.5025881407270881,37656.47520971969
202,202,2014-03-07 16:42:38.546,2014-03-07 16:42:38.500,18118.94247342167,38081.76547227043,706.6979903052354,T-Channel RX,122.0,9940.0,-0.5025881407270881,37656.4759874433
203,203,2014-03-07 16:42:38.689,2014-03-07 16:42:38.700,18118.94269632412,38081.7653846541,706.705115208686,T-Channel RX,122.0,9940.0,-0.5025881407270881,37656.47520971969
204,204,2014-03-07 16:42:38.848,2014-03-07 16:42:38.800,18118.94247342167,38081.76547227043,706.6979903052354,T-Channel RX,122.0,9940.0,-0.5025881407270881,37656.4759874433
205,205,2014-03-07 16:42:39.041,2014-03-07 16:42:39.000,18118.94269632412,38081.7653846541,706.705115208686,T-Channel RX,122.0,9940.0,-0.5025881407270881,37656.47520971969
206,206,2014-03-07 16:42:39.168,2014-03-07 16:42:39.200,18118.94269632412,38081.7653846541,706.705115208686,T-Channel RX,121.0,9940.0,-0.5025881407270881,37656.47520971969
207,207,2014-03-07 16:42:39.328,2014-03-07 16:42:39.300,18118.94247342167,38081.76547227043,706.6979903052354,T-Channel RX,121.0,9940.0,-0.5025881407270881,37656.4759874433
208,208,2014-03-07 16:42:39.489,2014-03-07 16:42:39.500,18118.94269632412,38081.7653846541,706.705115208686,T-Channel RX,124.0,9940.0,-0.5025881407270881,37656.47520971969
209,209,2014-03-07 16:42:39.528,2014-03-07 16:42:39.500,18118.94224996472,38081.76556014915,706.6908653642441,T-Channel RX,124.0,9940.0,-0.5025881407270881,37656.47676523704
210,210,2014-03-07 16:42:41.248,2014-03-07 16:42:41.200,18118.9460471625,38081.76406676137,706.8119842552356,T-Channel RX,122.0,9900.0,-0.5025881407270881,37650.46354345074
211,211,2014-03-07 16:42:41.409,2014-03-07 16:42:41.400,18118.94269632412,38081.7653846541,706.705115208686,T-Channel RX,122.0,9900.0,-0.5025881407270881,37650.475209719705
212,212,2014-03-07 16:42:41.568,2014-03-07 16:42:41.600,18118.94269632412,38081.7653846541,706.705115208686,T-Channel RX,124.0,9900.0,-0.5025881407270881,37650.475209719705
213,213,2014-03-07 16:42:41.747,2014-03-07 16:42:41.700,18118.94247342167,38081.76547227043,706.6979903052354,T-Channel RX,124.0,9900.0,-0.5025881407270881,37650.475987443315
214,214,2014-03-07 16:42:41.888,2014-03-07 16:42:41.900,18118.94269632412,38081.7653846541,706.705115208686,T-Channel RX,124.0,9900.0,-0.5025881407270881,37650.475209719705
215,215,2014-03-07 16:42:42.082,2014-03-07 16:42:42.100,18118.94269632412,38081.7653846541,706.705115208686,T-Channel RX,124.0,9900.0,-0.5025881407270881,37650.475209719705
216,216,2014-03-07 16:42:42.208,2014-03-07 16:42:42.200,18118.94247342167,38081.76547227043,706.6979903052354,T-Channel RX,124.0,9900.0,-0.5025881407270881,37650.475987443315
217,217,2014-03-07 16:42:42.368,2014-03-07 16:42:42.400,18118.94269632412,38081.7653846541,706.705115208686,T-Channel RX,124.0,9900.0,-0.5025881407270881,37650.475209719705
218,218,2014-03-07 16:42:42.529,2014-03-07 16:42:42.500,18118.94247342167,38081.76547227043,706.6979903052354,T-Channel RX,124.0,9900.0,-0.5025881407270881,37650.475987443315
219,219,2014-03-07 16:42:42.688,2014-03-07 16:42:42.700,18118.94269632412,38081.7653846541,706.705115208686,T-Channel RX,124.0,9900.0,-0.5025881407270881,37650.475209719705
220,220,2014-03-07 16:42:42.848,2014-03-07 16:42:42.800,18118.94247342167,38081.76547227043,706.6979903052354,T-Channel RX,122.0,9900.0,-0.5025881407270881,37650.475987443315
221,221,2014-03-07 16:42:43.008,2014-03-07 16:42:43.000,18118.94269632412,38081.7653846541,706.705115208686,T-Channel RX,122.0,9900.0,-0.5025881407270881,37650.475209719705
222,222,2014-03-07 16:42:43.168,2014-03-07 16:42:43.200,18118.94269632412,38081.7653846541,706.705115208686,T-Channel RX,123.0,9900.0,-0.5025881407270881,37650.475209719705
223,223,2014-03-07 16:42:43.328,2014-03-07 16:42:43.300,18118.94247342167,38081.76547227043,706.6979903052354,T-Channel RX,123.0,9900.0,-0.5025881407270881,37650.475987443315
224,224,2014-03-07 16:42:43.488,2014-03-07 16:42:43.500,18118.94269632412,38081.7653846541,706.705115208686,T-Channel RX,124.0,9900.0,-0.5025881407270881,37650.475209719705
225,225,2014-03-07 16:42:47.907,2014-03-07 16:42:47.900,18118.952078837567,38081.76169365439,707.0043272488455,R-Channel RX,123.0,14920.0,-0.460468140727088,32085.442546313687
226,226,2014-03-07 16:42:48.406,2014-03-07 16:42:48.400,18118.943366968993,38081.765120874574,706.7264896937825,R-Channel RX,123.0,14900.0,-0.460468140727088,32082.47287634005
227,227,2014-03-07 16:42:52.748,2014-03-07 16:42:52.700,18118.95185525679,38081.76178165426,706.9972039224698,T-Channel RX,131.0,9960.0,-0.5025881407270881,37659.443323957945
228,228,2014-03-07 16:42:52.909,2014-03-07 16:42:52.900,18118.94269632412,38081.7653846541,706.705115208686,T-Channel RX,131.0,9960.0,-0.5025881407270881,37659.475209719705
229,229,2014-03-07 16:42:53.068,2014-03-07 16:42:53.100,18118.94269632412,38081.7653846541,706.705115208686,T-Channel RX,132.0,9960.0,-0.5025881407270881,37659.475209719705
230,230,2014-03-07 16:42:53.247,2014-03-07 16:42:53.200,18118.94247342167,38081.76547227043,706.6979903052354,T-Channel RX,132.0,9960.0,-0.5025881407270881,37659.475987443315
231,231,2014-03-07 16:42:53.388,2014-03-07 16:42:53.400,18118.94269632412,38081.7653846541,706.705115208686,T-Channel RX,133.0,9960.0,-0.5025881407270881,37659.475209719705
232,232,2014-03-07 16:42:53.548,2014-03-07 16:42:53.500,18118.94247342167,38081.76547227043,706.6979903052354,T-Channel RX,133.0,9960.0,-0.5025881407270881,37659.475987443315
233,233,2014-03-07 16:42:53.708,2014-03-07 16:42:53.700,18118.94269632412,38081.7653846541,706.705115208686,T-Channel RX,133.0,9960.0,-0.5025881407270881,37659.475209719705
234,234,2014-03-07 16:42:53.868,2014-03-07 16:42:53.900,18118.94269632412,38081.7653846541,706.705115208686,T-Channel RX,133.0,9960.0,-0.5025881407270881,37659.475209719705
235,235,2014-03-07 16:42:54.028,2014-03-07 16:42:54.000,18118.94247342167,38081.76547227043,706.6979903052354,T-Channel RX,133.0,9960.0,-0.5025881407270881,37659.475987443315
236,236,2014-03-07 16:42:54.188,2014-03-07 16:42:54.200,18118.94269632412,38081.7653846541,706.705115208686,T-Channel RX,133.0,9960.0,-0.5025881407270881,37659.475209719705
237,237,2014-03-07 16:42:54.348,2014-03-07 16:42:54.300,18118.94247342167,38081.76547227043,706.6979903052354,T-Channel RX,133.0,9960.0,-0.5025881407270881,37659.475987443315
238,238,2014-03-07 16:42:54.509,2014-03-07 16:42:54.500,18118.94269632412,38081.7653846541,706.705115208686,T-Channel RX,133.0,9960.0,-0.5025881407270881,37659.475209719705
239,239,2014-03-07 16:42:54.668,2014-03-07 16:42:54.700,18118.94269632412,38081.7653846541,706.705115208686,T-Channel RX,134.0,9960.0,-0.5025881407270881,37659.475209719705
240,240,2014-03-07 16:42:54.828,2014-03-07 16:42:54.800,18118.94247342167,38081.76547227043,706.6979903052354,T-Channel RX,134.0,9960.0,-0.5025881407270881,37659.475987443315
241,241,2014-03-07 16:42:54.988,2014-03-07 16:42:55.000,18118.94269632412,38081.7653846541,706.705115208686,T-Channel RX,133.0,9960.0,-0.5025881407270881,37659.475209719705
242,242,2014-03-07 16:42:55.029,2014-03-07 16:42:55.000,18118.94224996472,38081.76556014915,706.6908653642441,T-Channel RX,133.0,9960.0,-0.5025881407270881,37659.47676523706
243,243,2014-03-07 16:42:56.787,2014-03-07 16:42:56.800,18118.9462708907,38081.763978728966,706.8191085579738,T-Channel RX,133.0,9960.0,-0.5025881407270881,37659.462765689525
244,244,2014-03-07 16:42:56.909,2014-03-07 16:42:56.900,18118.94247342167,38081.76547227043,706.6979903052354,T-Channel RX,133.0,9960.0,-0.5025881407270881,37659.475987443315
245,245,2014-03-07 16:42:57.068,2014-03-07 16:42:57.100,18118.94269632412,38081.7653846541,706.705115208686,T-Channel RX,133.0,9960.0,-0.5025881407270881,37659.475209719705
246,246,2014-03-07 16:42:57.228,2014-03-07 16:42:57.200,18118.94247342167,38081.76547227043,706.6979903052354,T-Channel RX,133.0,9960.0,-0.5025881407270881,37659.475987443315
247,247,2014-03-07 16:42:57.388,2014-03-07 16:42:57.400,18118.94269632412,38081.7653846541,706.705115208686,T-Channel RX,133.0,9960.0,-0.5025881407270881,37659.475209719705
248,248,2014-03-07 16:42:57.548,2014-03-07 16:42:57.500,18118.94247342167,38081.76547227043,706.6979903052354,T-Channel RX,133.0,9960.0,-0.5025881407270881,37659.475987443315
249,249,2014-03-07 16:42:57.708,2014-03-07 16:42:57.700,18118.94269632412,38081.7653846541,706.705115208686,T-Channel RX,132.0,9960.0,-0.5025881407270881,37659.475209719705
250,250,2014-03-07 16:42:57.868,2014-03-07 16:42:57.900,18118.94269632412,38081.7653846541,706.705115208686,T-Channel RX,132.0,9960.0,-0.5025881407270881,37659.475209719705
251,251,2014-03-07 16:42:58.028,2014-03-07 16:42:58.000,18118.94247342167,38081.76547227043,706.6979903052354,T-Channel RX,134.0,9960.0,-0.5025881407270881,37659.475987443315
252,252,2014-03-07 16:42:58.188,2014-03-07 16:42:58.200,18118.94269632412,38081.7653846541,706.705115208686,T-Channel RX,134.0,9960.0,-0.5025881407270881,37659.475209719705
253,253,2014-03-07 16:42:58.359,2014-03-07 16:42:58.400,18118.94269632412,38081.7653846541,706.705115208686,T-Channel RX,134.0,9960.0,-0.5025881407270881,37659.475209719705
254,254,2014-03-07 16:42:58.508,2014-03-07 16:42:58.500,18118.94247342167,38081.76547227043,706.6979903052354,T-Channel RX,134.0,9960.0,-0.5025881407270881,37659.475987443315
255,255,2014-03-07 16:42:58.669,2014-03-07 16:42:58.700,18118.94269632412,38081.7653846541,706.705115208686,T-Channel RX,133.0,9960.0,-0.5025881407270881,37659.475209719705
256,256,2014-03-07 16:42:58.828,2014-03-07 16:42:58.800,18118.94247342167,38081.76547227043,706.6979903052354,T-Channel RX,133.0,9960.0,-0.5025881407270881,37659.475987443315
257,257,2014-03-07 16:43:12.407,2014-03-07 16:43:12.400,18118.97262865241,38081.753600808566,707.6595125553903,R-Channel RX,126.0,14920.0,-0.460468140727088,32085.371021749663
258,258,2014-03-07 16:55:23.907,2014-03-07 16:55:23.900,18120.56661148498,38081.09017683876,757.7811263367181,R-Channel RX,156.0,15200.0,-0.460468140727088,32121.893370477497
259,259,2014-03-07 16:55:28.290,2014-03-07 16:55:28.300,18118.952078837567,38081.76169365439,707.0043272488455,T-Channel RX,157.0,10220.0,-0.5025881407270881,37698.4425463137
260,260,2014-03-07 16:55:28.409,2014-03-07 16:55:28.400,18118.94247342167,38081.76547227043,706.6979903052354,T-Channel RX,157.0,10220.0,-0.5025881407270881,37698.475987443315
261,261,2014-03-07 16:55:28.569,2014-03-07 16:55:28.600,18118.94269632412,38081.7653846541,706.705115208686,T-Channel RX,157.0,10220.0,-0.5025881407270881,37698.475209719705
262,262,2014-03-07 16:55:28.747,2014-03-07 16:55:28.700,18118.94247342167,38081.76547227043,706.6979903052354,T-Channel RX,157.0,10220.0,-0.5025881407270881,37698.475987443315
263,263,2014-03-07 16:55:28.889,2014-03-07 16:55:28.900,18118.94269632412,38081.7653846541,706.705115208686,T-Channel RX,159.0,10220.0,-0.5025881407270881,37698.475209719705
264,264,2014-03-07 16:55:29.049,2014-03-07 16:55:29.000,18118.94247342167,38081.76547227043,706.6979903052354,T-Channel RX,159.0,10220.0,-0.5025881407270881,37698.475987443315
265,265,2014-03-07 16:55:29.247,2014-03-07 16:55:29.200,18118.94269632412,38081.7653846541,706.705115208686,T-Channel RX,159.0,10220.0,-0.5025881407270881,37698.475209719705
266,266,2014-03-07 16:55:29.369,2014-03-07 16:55:29.400,18118.94269632412,38081.7653846541,706.705115208686,T-Channel RX,159.0,10220.0,-0.5025881407270881,37698.475209719705
267,267,2014-03-07 16:55:29.529,2014-03-07 16:55:29.500,18118.94247342167,38081.76547227043,706.6979903052354,T-Channel RX,160.0,10220.0,-0.5025881407270881,37698.475987443315
268,268,2014-03-07 16:55:29.689,2014-03-07 16:55:29.700,18118.94269632412,38081.7653846541,706.705115208686,T-Channel RX,160.0,10220.0,-0.5025881407270881,37698.475209719705
269,269,2014-03-07 16:55:29.849,2014-03-07 16:55:29.800,18118.94247342167,38081.76547227043,706.6979903052354,T-Channel RX,160.0,10220.0,-0.5025881407270881,37698.475987443315
270,270,2014-03-07 16:55:30.009,2014-03-07 16:55:30.000,18118.94269632412,38081.7653846541,706.705115208686,T-Channel RX,160.0,10220.0,-0.5025881407270881,37698.475209719705
271,271,2014-03-07 16:55:30.169,2014-03-07 16:55:30.200,18118.94269632412,38081.7653846541,706.705115208686,T-Channel RX,159.0,10220.0,-0.5025881407270881,37698.475209719705
272,272,2014-03-07 16:55:30.362,2014-03-07 16:55:30.400,18118.94269632412,38081.7653846541,706.705115208686,T-Channel RX,159.0,10220.0,-0.5025881407270881,37698.475209719705
273,273,2014-03-07 16:55:30.502,2014-03-07 16:55:30.500,18118.94247342167,38081.76547227043,706.6979903052354,T-Channel RX,160.0,10220.0,-0.5025881407270881,37698.475987443315
274,274,2014-03-07 16:55:30.538,2014-03-07 16:55:30.500,18118.94224996472,38081.76556014915,706.6908653642441,T-Channel RX,160.0,10220.0,-0.5025881407270881,37698.47676523706
275,275,2014-03-07 16:55:32.249,2014-03-07 16:55:32.200,18118.9460471625,38081.76406676137,706.8119842552356,T-Channel RX,159.0,10220.0,-0.5025881407270881,37698.46354345074
276,276,2014-03-07 16:55:32.409,2014-03-07 16:55:32.400,18118.94269632412,38081.7653846541,706.705115208686,T-Channel RX,159.0,10220.0,-0.5025881407270881,37698.475209719705
277,277,2014-03-07 16:55:32.569,2014-03-07 16:55:32.600,18118.94269632412,38081.7653846541,706.705115208686,T-Channel RX,159.0,10220.0,-0.5025881407270881,37698.475209719705
278,278,2014-03-07 16:55:32.729,2014-03-07 16:55:32.700,18118.94247342167,38081.76547227043,706.6979903052354,T-Channel RX,159.0,10220.0,-0.5025881407270881,37698.475987443315
279,279,2014-03-07 16:55:32.905,2014-03-07 16:55:32.900,18118.94269632412,38081.7653846541,706.705115208686,T-Channel RX,160.0,10220.0,-0.5025881407270881,37698.475209719705
280,280,2014-03-07 16:55:33.049,2014-03-07 16:55:33.000,18118.94247342167,38081.76547227043,706.6979903052354,T-Channel RX,160.0,10220.0,-0.5025881407270881,37698.475987443315
281,281,2014-03-07 16:55:33.237,2014-03-07 16:55:33.200,18118.94269632412,38081.7653846541,706.705115208686,T-Channel RX,159.0,10220.0,-0.5025881407270881,37698.475209719705
282,282,2014-03-07 16:55:33.369,2014-03-07 16:55:33.400,18118.94269632412,38081.7653846541,706.705115208686,T-Channel RX,159.0,10220.0,-0.5025881407270881,37698.475209719705
283,283,2014-03-07 16:55:33.529,2014-03-07 16:55:33.500,18118.94247342167,38081.76547227043,706.6979903052354,T-Channel RX,160.0,10220.0,-0.5025881407270881,37698.475987443315
284,284,2014-03-07 16:55:33.689,2014-03-07 16:55:33.700,18118.94269632412,38081.7653846541,706.705115208686,T-Channel RX,160.0,10220.0,-0.5025881407270881,37698.475209719705
285,285,2014-03-07 16:55:33.849,2014-03-07 16:55:33.800,18118.94247342167,38081.76547227043,706.6979903052354,T-Channel RX,158.0,10220.0,-0.5025881407270881,37698.475987443315
286,286,2014-03-07 16:55:34.009,2014-03-07 16:55:34.000,18118.94269632412,38081.7653846541,706.705115208686,T-Channel RX,158.0,10220.0,-0.5025881407270881,37698.475209719705
287,287,2014-03-07 16:55:34.169,2014-03-07 16:55:34.200,18118.94269632412,38081.7653846541,706.705115208686,T-Channel RX,159.0,10220.0,-0.5025881407270881,37698.475209719705
288,288,2014-03-07 16:55:34.329,2014-03-07 16:55:34.300,18118.94247342167,38081.76547227043,706.6979903052354,T-Channel RX,159.0,10220.0,-0.5025881407270881,37698.475987443315
289,289,2014-03-07 16:55:34.489,2014-03-07 16:55:34.500,18118.94269632412,38081.7653846541,706.705115208686,T-Channel RX,158.0,10220.0,-0.5025881407270881,37698.475209719705
290,290,2014-03-07 16:55:37.907,2014-03-07 16:55:37.900,18118.94984536961,38081.762572474814,706.9330922950595,R-Channel RX,156.0,15200.0,-0.460468140727088,32127.45032264814
291,291,2014-03-07 16:55:38.407,2014-03-07 16:55:38.400,18118.943366968993,38081.765120874574,706.7264896937825,R-Channel RX,155.0,15220.0,-0.460468140727088,32130.47287634005
292,292,2014-03-07 16:55:42.748,2014-03-07 16:55:42.700,18118.95185525679,38081.76178165426,706.9972039224698,T-Channel RX,161.0,10240.0,-0.5025881407270881,37701.443323957945
293,293,2014-03-07 16:55:42.909,2014-03-07 16:55:42.900,18118.94269632412,38081.7653846541,706.705115208686,T-Channel RX,161.0,10240.0,-0.5025881407270881,37701.475209719705
294,294,2014-03-07 16:55:43.068,2014-03-07 16:55:43.100,18118.94269632412,38081.7653846541,706.705115208686,T-Channel RX,162.0,10240.0,-0.5025881407270881,37701.475209719705
295,295,2014-03-07 16:55:43.260,2014-03-07 16:55:43.300,18118.94269632412,38081.7653846541,706.705115208686,T-Channel RX,162.0,10240.0,-0.5025881407270881,37701.475209719705
296,296,2014-03-07 16:55:43.405,2014-03-07 16:55:43.400,18118.94247342167,38081.76547227043,706.6979903052354,T-Channel RX,160.0,10240.0,-0.5025881407270881,37701.475987443315
297,297,2014-03-07 16:55:43.548,2014-03-07 16:55:43.500,18118.94247342167,38081.76547227043,706.6979903052354,T-Channel RX,160.0,10240.0,-0.5025881407270881,37701.475987443315
298,298,2014-03-07 16:55:43.740,2014-03-07 16:55:43.700,18118.94269632412,38081.7653846541,706.705115208686,T-Channel RX,161.0,10240.0,-0.5025881407270881,37701.475209719705
299,299,2014-03-07 16:55:43.868,2014-03-07 16:55:43.900,18118.94269632412,38081.7653846541,706.705115208686,T-Channel RX,161.0,10240.0,-0.5025881407270881,37701.475209719705
300,300,2014-03-07 16:55:44.029,2014-03-07 16:55:44.000,18118.94247342167,38081.76547227043,706.6979903052354,T-Channel RX,160.0,10240.0,-0.5025881407270881,37701.475987443315
301,301,2014-03-07 16:55:44.188,2014-03-07 16:55:44.200,18118.94269632412,38081.7653846541,706.705115208686,T-Channel RX,160.0,10240.0,-0.5025881407270881,37701.475209719705
302,302,2014-03-07 16:55:44.348,2014-03-07 16:55:44.300,18118.94247342167,38081.76547227043,706.6979903052354,T-Channel RX,160.0,10240.0,-0.5025881407270881,37701.475987443315
303,303,2014-03-07 16:55:44.508,2014-03-07 16:55:44.500,18118.94269632412,38081.7653846541,706.705115208686,T-Channel RX,160.0,10240.0,-0.5025881407270881,37701.475209719705
304,304,2014-03-07 16:55:44.669,2014-03-07 16:55:44.700,18118.94269632412,38081.7653846541,706.705115208686,T-Channel RX,160.0,10240.0,-0.5025881407270881,37701.475209719705
305,305,2014-03-07 16:55:44.828,2014-03-07 16:55:44.800,18118.94247342167,38081.76547227043,706.6979903052354,T-Channel RX,160.0,10240.0,-0.5025881407270881,37701.475987443315
306,306,2014-03-07 16:55:44.988,2014-03-07 16:55:45.000,18118.94269632412,38081.7653846541,706.705115208686,T-Channel RX,159.0,10240.0,-0.5025881407270881,37701.475209719705
307,307,2014-03-07 16:55:45.028,2014-03-07 16:55:45.000,18118.94224996472,38081.76556014915,706.6908653642441,T-Channel RX,159.0,10240.0,-0.5025881407270881,37701.47676523706
308,308,2014-03-07 16:55:46.748,2014-03-07 16:55:46.700,18118.9460471625,38081.76406676137,706.8119842552356,T-Channel RX,160.0,10200.0,-0.5025881407270881,37695.46354345074
309,309,2014-03-07 16:55:46.909,2014-03-07 16:55:46.900,18118.94269632412,38081.7653846541,706.705115208686,T-Channel RX,160.0,10200.0,-0.5025881407270881,37695.475209719705
310,310,2014-03-07 16:55:47.068,2014-03-07 16:55:47.100,18118.94269632412,38081.7653846541,706.705115208686,T-Channel RX,160.0,10200.0,-0.5025881407270881,37695.475209719705
311,311,2014-03-07 16:55:47.229,2014-03-07 16:55:47.200,18118.94247342167,38081.76547227043,706.6979903052354,T-Channel RX,160.0,10200.0,-0.5025881407270881,37695.475987443315
312,312,2014-03-07 16:55:47.390,2014-03-07 16:55:47.400,18118.94269632412,38081.7653846541,706.705115208686,T-Channel RX,159.0,10200.0,-0.5025881407270881,37695.475209719705
313,313,2014-03-07 16:55:47.549,2014-03-07 16:55:47.500,18118.94247342167,38081.76547227043,706.6979903052354,T-Channel RX,159.0,10200.0,-0.5025881407270881,37695.475987443315
314,314,2014-03-07 16:55:47.709,2014-03-07 16:55:47.700,18118.94269632412,38081.7653846541,706.705115208686,T-Channel RX,161.0,10200.0,-0.5025881407270881,37695.475209719705
315,315,2014-03-07 16:55:47.899,2014-03-07 16:55:47.900,18118.94269632412,38081.7653846541,706.705115208686,T-Channel RX,161.0,10200.0,-0.5025881407270881,37695.475209719705
316,316,2014-03-07 16:55:48.028,2014-03-07 16:55:48.000,18118.94247342167,38081.76547227043,706.6979903052354,T-Channel RX,162.0,10200.0,-0.5025881407270881,37695.475987443315
317,317,2014-03-07 16:55:48.188,2014-03-07 16:55:48.200,18118.94269632412,38081.7653846541,706.705115208686,T-Channel RX,162.0,10200.0,-0.5025881407270881,37695.475209719705
318,318,2014-03-07 16:55:48.355,2014-03-07 16:55:48.400,18118.94269632412,38081.7653846541,706.705115208686,T-Channel RX,162.0,10200.0,-0.5025881407270881,37695.475209719705
319,319,2014-03-07 16:55:48.509,2014-03-07 16:55:48.500,18118.94247342167,38081.76547227043,706.6979903052354,T-Channel RX,162.0,10200.0,-0.5025881407270881,37695.475987443315
320,320,2014-03-07 16:55:48.669,2014-03-07 16:55:48.700,18118.94269632412,38081.7653846541,706.705115208686,T-Channel RX,164.0,10200.0,-0.5025881407270881,37695.475209719705
321,321,2014-03-07 16:55:48.828,2014-03-07 16:55:48.800,18118.94247342167,38081.76547227043,706.6979903052354,T-Channel RX,164.0,10200.0,-0.5025881407270881,37695.475987443315
322,322,2014-03-07 16:55:48.988,2014-03-07 16:55:49.000,18118.94269632412,38081.7653846541,706.705115208686,T-Channel RX,163.0,10200.0,-0.5025881407270881,37695.475209719705
323,323,2014-03-07 16:55:52.907,2014-03-07 16:55:52.900,18118.95096162298,38081.762133311364,706.9687102413983,R-Channel RX,159.0,15200.0,-0.460468140727088,32127.446434490623
324,324,2014-03-07 16:55:53.407,2014-03-07 16:55:53.400,18118.943366968993,38081.765120874574,706.7264896937825,R-Channel RX,159.0,15240.0,-0.460468140727088,32133.47287634005
325,325,2014-03-07 16:55:57.748,2014-03-07 16:55:57.700,18118.95185525679,38081.76178165426,706.9972039224698,T-Channel RX,163.0,10240.0,-0.5025881407270881,37701.443323957945
326,326,2014-03-07 16:55:57.910,2014-03-07 16:55:57.900,18118.94269632412,38081.7653846541,706.705115208686,T-Channel RX,163.0,10240.0,-0.5025881407270881,37701.475209719705
327,327,2014-03-07 16:55:58.087,2014-03-07 16:55:58.100,18118.94269632412,38081.7653846541,706.705115208686,T-Channel RX,162.0,10240.0,-0.5025881407270881,37701.475209719705
328,328,2014-03-07 16:55:58.228,2014-03-07 16:55:58.200,18118.94247342167,38081.76547227043,706.6979903052354,T-Channel RX,162.0,10240.0,-0.5025881407270881,37701.475987443315
329,329,2014-03-07 16:55:58.388,2014-03-07 16:55:58.400,18118.94269632412,38081.7653846541,706.705115208686,T-Channel RX,164.0,10240.0,-0.5025881407270881,37701.475209719705
330,330,2014-03-07 16:55:58.548,2014-03-07 16:55:58.500,18118.94247342167,38081.76547227043,706.6979903052354,T-Channel RX,164.0,10240.0,-0.5025881407270881,37701.475987443315
331,331,2014-03-07 16:55:58.708,2014-03-07 16:55:58.700,18118.94269632412,38081.7653846541,706.705115208686,T-Channel RX,164.0,10240.0,-0.5025881407270881,37701.475209719705
332,332,2014-03-07 16:55:58.869,2014-03-07 16:55:58.900,18118.94269632412,38081.7653846541,706.705115208686,T-Channel RX,164.0,10240.0,-0.5025881407270881,37701.475209719705
333,333,2014-03-07 16:55:59.028,2014-03-07 16:55:59.000,18118.94247342167,38081.76547227043,706.6979903052354,T-Channel RX,163.0,10240.0,-0.5025881407270881,37701.475987443315
334,334,2014-03-07 16:55:59.188,2014-03-07 16:55:59.200,18118.94269632412,38081.7653846541,706.705115208686,T-Channel RX,163.0,10240.0,-0.5025881407270881,37701.475209719705
335,335,2014-03-07 16:55:59.348,2014-03-07 16:55:59.300,18118.94247342167,38081.76547227043,706.6979903052354,T-Channel RX,162.0,10240.0,-0.5025881407270881,37701.475987443315
336,336,2014-03-07 16:55:59.508,2014-03-07 16:55:59.500,18118.94269632412,38081.7653846541,706.705115208686,T-Channel RX,162.0,10240.0,-0.5025881407270881,37701.475209719705
337,337,2014-03-07 16:55:59.669,2014-03-07 16:55:59.700,18118.94269632412,38081.7653846541,706.705115208686,T-Channel RX,162.0,10240.0,-0.5025881407270881,37701.475209719705
338,338,2014-03-07 16:55:59.828,2014-03-07 16:55:59.800,18118.94247342167,38081.76547227043,706.6979903052354,T-Channel RX,162.0,10240.0,-0.5025881407270881,37701.475987443315
339,339,2014-03-07 16:55:59.988,2014-03-07 16:56:00.000,18118.94269632412,38081.7653846541,706.705115208686,T-Channel RX,163.0,10240.0,-0.5025881407270881,37701.475209719705
340,340,2014-03-07 16:56:00.060,2014-03-07 16:56:00.100,18118.94247342167,38081.76547227043,706.6979903052354,T-Channel RX,163.0,10240.0,-0.5025881407270881,37701.475987443315
341,341,2014-03-07 16:56:01.749,2014-03-07 16:56:01.700,18118.94582440371,38081.76415433104,706.804859914949,T-Channel RX,164.0,10240.0,-0.5025881407270881,37701.46432109988
342,342,2014-03-07 16:56:01.909,2014-03-07 16:56:01.900,18118.94269632412,38081.7653846541,706.705115208686,T-Channel RX,164.0,10240.0,-0.5025881407270881,37701.475209719705
343,343,2014-03-07 16:56:02.068,2014-03-07 16:56:02.100,18118.94269632412,38081.7653846541,706.705115208686,T-Channel RX,163.0,10240.0,-0.5025881407270881,37701.475209719705
344,344,2014-03-07 16:56:02.229,2014-03-07 16:56:02.200,18118.94247342167,38081.76547227043,706.6979903052354,T-Channel RX,163.0,10240.0,-0.5025881407270881,37701.475987443315
345,345,2014-03-07 16:56:02.388,2014-03-07 16:56:02.400,18118.94269632412,38081.7653846541,706.705115208686,T-Channel RX,163.0,10240.0,-0.5025881407270881,37701.475209719705
346,346,2014-03-07 16:56:02.548,2014-03-07 16:56:02.500,18118.94247342167,38081.76547227043,706.6979903052354,T-Channel RX,163.0,10240.0,-0.5025881407270881,37701.475987443315
347,347,2014-03-07 16:56:02.747,2014-03-07 16:56:02.700,18118.94269632412,38081.7653846541,706.705115208686,T-Channel RX,163.0,10240.0,-0.5025881407270881,37701.475209719705
348,348,2014-03-07 16:56:02.868,2014-03-07 16:56:02.900,18118.94269632412,38081.7653846541,706.705115208686,T-Channel RX,163.0,10240.0,-0.5025881407270881,37701.475209719705
349,349,2014-03-07 16:56:03.028,2014-03-07 16:56:03.000,18118.94247342167,38081.76547227043,706.6979903052354,T-Channel RX,163.0,10240.0,-0.5025881407270881,37701.475987443315
350,350,2014-03-07 16:56:03.188,2014-03-07 16:56:03.200,18118.94269632412,38081.7653846541,706.705115208686,T-Channel RX,163.0,10240.0,-0.5025881407270881,37701.475209719705
351,351,2014-03-07 16:56:03.348,2014-03-07 16:56:03.300,18118.94247342167,38081.76547227043,706.6979903052354,T-Channel RX,163.0,10240.0,-0.5025881407270881,37701.475987443315
352,352,2014-03-07 16:56:03.508,2014-03-07 16:56:03.500,18118.94269632412,38081.7653846541,706.705115208686,T-Channel RX,163.0,10240.0,-0.5025881407270881,37701.475209719705
353,353,2014-03-07 16:56:03.668,2014-03-07 16:56:03.700,18118.94269632412,38081.7653846541,706.705115208686,T-Channel RX,162.0,10240.0,-0.5025881407270881,37701.475209719705
354,354,2014-03-07 16:56:03.828,2014-03-07 16:56:03.800,18118.94247342167,38081.76547227043,706.6979903052354,T-Channel RX,162.0,10240.0,-0.5025881407270881,37701.475987443315
355,355,2014-03-07 16:56:03.988,2014-03-07 16:56:04.000,18118.94269632412,38081.7653846541,706.705115208686,T-Channel RX,163.0,10240.0,-0.5025881407270881,37701.475209719705
356,356,2014-03-07 16:56:07.906,2014-03-07 16:56:07.900,18118.95096162298,38081.762133311364,706.9687102413983,R-Channel RX,158.0,15220.0,-0.460468140727088,32130.446434490623
357,357,2014-03-07 16:56:08.407,2014-03-07 16:56:08.400,18118.943366968993,38081.765120874574,706.7264896937825,R-Channel RX,158.0,15200.0,-0.460468140727088,32127.47287634005
358,358,2014-03-07 16:56:12.748,2014-03-07 16:56:12.700,18118.95185525679,38081.76178165426,706.9972039224698,T-Channel RX,156.0,10260.0,-0.5025881407270881,37704.443323957945
359,359,2014-03-07 16:56:12.949,2014-03-07 16:56:12.900,18118.94269632412,38081.7653846541,706.705115208686,T-Channel RX,156.0,10260.0,-0.5025881407270881,37704.475209719705
360,360,2014-03-07 16:56:13.068,2014-03-07 16:56:13.100,18118.94269632412,38081.7653846541,706.705115208686,T-Channel RX,156.0,10260.0,-0.5025881407270881,37704.475209719705
361,361,2014-03-07 16:56:13.228,2014-03-07 16:56:13.200,18118.94247342167,38081.76547227043,706.6979903052354,T-Channel RX,156.0,10260.0,-0.5025881407270881,37704.475987443315
362,362,2014-03-07 16:56:13.403,2014-03-07 16:56:13.400,18118.94269632412,38081.7653846541,706.705115208686,T-Channel RX,156.0,10260.0,-0.5025881407270881,37704.475209719705
363,363,2014-03-07 16:56:13.548,2014-03-07 16:56:13.500,18118.94247342167,38081.76547227043,706.6979903052354,T-Channel RX,156.0,10260.0,-0.5025881407270881,37704.475987443315
364,364,2014-03-07 16:56:17.407,2014-03-07 16:56:17.400,18118.95096162298,38081.762133311364,706.9687102413983,R-Channel RX,156.0,15240.0,-0.460468140727088,32133.446434490623
365,365,2014-03-07 17:06:49.406,2014-03-07 17:06:49.400,18120.3468629223,38081.18573371085,750.9550989724085,R-Channel RX,129.0,15600.0,-0.460468140727088,32182.640080680205
366,366,2014-03-07 17:06:53.749,2014-03-07 17:06:53.700,18118.95185525679,38081.76178165426,706.9972039224698,T-Channel RX,135.0,10600.0,-0.5025881407270881,37755.44332395796
367,367,2014-03-07 17:06:53.909,2014-03-07 17:06:53.900,18118.94269632412,38081.7653846541,706.705115208686,T-Channel RX,135.0,10600.0,-0.5025881407270881,37755.47520971972
368,368,2014-03-07 17:06:54.069,2014-03-07 17:06:54.100,18118.94269632412,38081.7653846541,706.705115208686,T-Channel RX,135.0,10600.0,-0.5025881407270881,37755.47520971972
369,369,2014-03-07 17:06:54.229,2014-03-07 17:06:54.200,18118.94247342167,38081.76547227043,706.6979903052354,T-Channel RX,135.0,10600.0,-0.5025881407270881,37755.47598744333
370,370,2014-03-07 17:06:54.389,2014-03-07 17:06:54.400,18118.94269632412,38081.7653846541,706.705115208686,T-Channel RX,135.0,10600.0,-0.5025881407270881,37755.47520971972
371,371,2014-03-07 17:06:54.550,2014-03-07 17:06:54.500,18118.94247342167,38081.76547227043,706.6979903052354,T-Channel RX,135.0,10600.0,-0.5025881407270881,37755.47598744333
372,372,2014-03-07 17:06:54.736,2014-03-07 17:06:54.700,18118.94269632412,38081.7653846541,706.705115208686,T-Channel RX,135.0,10600.0,-0.5025881407270881,37755.47520971972
373,373,2014-03-07 17:06:54.869,2014-03-07 17:06:54.900,18118.94269632412,38081.7653846541,706.705115208686,T-Channel RX,135.0,10600.0,-0.5025881407270881,37755.47520971972
374,374,2014-03-07 17:06:55.045,2014-03-07 17:06:55.000,18118.94247342167,38081.76547227043,706.6979903052354,T-Channel RX,134.0,10600.0,-0.5025881407270881,37755.47598744333
375,375,2014-03-07 17:06:55.189,2014-03-07 17:06:55.200,18118.94269632412,38081.7653846541,706.705115208686,T-Channel RX,134.0,10600.0,-0.5025881407270881,37755.47520971972
376,376,2014-03-07 17:06:55.349,2014-03-07 17:06:55.300,18118.94247342167,38081.76547227043,706.6979903052354,T-Channel RX,134.0,10600.0,-0.5025881407270881,37755.47598744333
377,377,2014-03-07 17:06:55.509,2014-03-07 17:06:55.500,18118.94269632412,38081.7653846541,706.705115208686,T-Channel RX,134.0,10600.0,-0.5025881407270881,37755.47520971972
378,378,2014-03-07 17:06:55.669,2014-03-07 17:06:55.700,18118.94269632412,38081.7653846541,706.705115208686,T-Channel RX,135.0,10600.0,-0.5025881407270881,37755.47520971972
379,379,2014-03-07 17:06:55.829,2014-03-07 17:06:55.800,18118.94247342167,38081.76547227043,706.6979903052354,T-Channel RX,135.0,10600.0,-0.5025881407270881,37755.47598744333
380,380,2014-03-07 17:06:55.989,2014-03-07 17:06:56.000,18118.94269632412,38081.7653846541,706.705115208686,T-Channel RX,134.0,10600.0,-0.5025881407270881,37755.47520971972
381,381,2014-03-07 17:06:56.029,2014-03-07 17:06:56.000,18118.94224996472,38081.76556014915,706.6908653642441,T-Channel RX,134.0,10600.0,-0.5025881407270881,37755.47676523707
382,382,2014-03-07 17:06:57.749,2014-03-07 17:06:57.700,18118.9460471625,38081.76406676137,706.8119842552356,T-Channel RX,133.0,10600.0,-0.5025881407270881,37755.46354345076
383,383,2014-03-07 17:06:57.909,2014-03-07 17:06:57.900,18118.94269632412,38081.7653846541,706.705115208686,T-Channel RX,133.0,10600.0,-0.5025881407270881,37755.47520971972
384,384,2014-03-07 17:06:58.069,2014-03-07 17:06:58.100,18118.94269632412,38081.7653846541,706.705115208686,T-Channel RX,134.0,10600.0,-0.5025881407270881,37755.47520971972
385,385,2014-03-07 17:06:58.236,2014-03-07 17:06:58.200,18118.94247342167,38081.76547227043,706.6979903052354,T-Channel RX,134.0,10600.0,-0.5025881407270881,37755.47598744333
386,386,2014-03-07 17:06:58.389,2014-03-07 17:06:58.400,18118.94269632412,38081.7653846541,706.705115208686,T-Channel RX,135.0,10600.0,-0.5025881407270881,37755.47520971972
387,387,2014-03-07 17:06:58.569,2014-03-07 17:06:58.600,18118.94269632412,38081.7653846541,706.705115208686,T-Channel RX,135.0,10600.0,-0.5025881407270881,37755.47520971972
388,388,2014-03-07 17:06:58.709,2014-03-07 17:06:58.700,18118.94247342167,38081.76547227043,706.6979903052354,T-Channel RX,134.0,10600.0,-0.5025881407270881,37755.47598744333
389,389,2014-03-07 17:06:58.869,2014-03-07 17:06:58.900,18118.94269632412,38081.7653846541,706.705115208686,T-Channel RX,134.0,10600.0,-0.5025881407270881,37755.47520971972
390,390,2014-03-07 17:06:59.052,2014-03-07 17:06:59.100,18118.94269632412,38081.7653846541,706.705115208686,T-Channel RX,135.0,10600.0,-0.5025881407270881,37755.47520971972
391,391,2014-03-07 17:06:59.197,2014-03-07 17:06:59.200,18118.94247342167,38081.76547227043,706.6979903052354,T-Channel RX,135.0,10600.0,-0.5025881407270881,37755.47598744333
392,392,2014-03-07 17:06:59.349,2014-03-07 17:06:59.300,18118.94247342167,38081.76547227043,706.6979903052354,T-Channel RX,134.0,10600.0,-0.5025881407270881,37755.47598744333
393,393,2014-03-07 17:06:59.509,2014-03-07 17:06:59.500,18118.94269632412,38081.7653846541,706.705115208686,T-Channel RX,134.0,10600.0,-0.5025881407270881,37755.47520971972
394,394,2014-03-07 17:06:59.682,2014-03-07 17:06:59.700,18118.94269632412,38081.7653846541,706.705115208686,T-Channel RX,133.0,10600.0,-0.5025881407270881,37755.47520971972
395,395,2014-03-07 17:06:59.829,2014-03-07 17:06:59.800,18118.94247342167,38081.76547227043,706.6979903052354,T-Channel RX,133.0,10600.0,-0.5025881407270881,37755.47598744333
396,396,2014-03-07 17:06:59.989,2014-03-07 17:07:00.000,18118.94269632412,38081.7653846541,706.705115208686,T-Channel RX,134.0,10600.0,-0.5025881407270881,37755.47520971972
397,397,2014-03-07 17:07:03.907,2014-03-07 17:07:03.900,18118.95096162298,38081.762133311364,706.9687102413983,R-Channel RX,130.0,15600.0,-0.460468140727088,32187.446434490623
398,398,2014-03-07 17:07:04.406,2014-03-07 17:07:04.400,18118.943366968993,38081.765120874574,706.7264896937825,R-Channel RX,131.0,15620.0,-0.460468140727088,32190.47287634005
399,399,2014-03-07 17:07:08.749,2014-03-07 17:07:08.700,18118.95185525679,38081.76178165426,706.9972039224698,T-Channel RX,133.0,10600.0,-0.5025881407270881,37755.44332395796
400,400,2014-03-07 17:07:08.948,2014-03-07 17:07:08.900,18118.94269632412,38081.7653846541,706.705115208686,T-Channel RX,133.0,10600.0,-0.5025881407270881,37755.47520971972
401,401,2014-03-07 17:07:09.069,2014-03-07 17:07:09.100,18118.94269632412,38081.7653846541,706.705115208686,T-Channel RX,133.0,10600.0,-0.5025881407270881,37755.47520971972
402,402,2014-03-07 17:07:09.229,2014-03-07 17:07:09.200,18118.94247342167,38081.76547227043,706.6979903052354,T-Channel RX,133.0,10600.0,-0.5025881407270881,37755.47598744333
403,403,2014-03-07 17:07:09.389,2014-03-07 17:07:09.400,18118.94269632412,38081.7653846541,706.705115208686,T-Channel RX,133.0,10600.0,-0.5025881407270881,37755.47520971972
404,404,2014-03-07 17:07:09.548,2014-03-07 17:07:09.500,18118.94247342167,38081.76547227043,706.6979903052354,T-Channel RX,133.0,10600.0,-0.5025881407270881,37755.47598744333
405,405,2014-03-07 17:07:09.747,2014-03-07 17:07:09.700,18118.94269632412,38081.7653846541,706.705115208686,T-Channel RX,133.0,10600.0,-0.5025881407270881,37755.47520971972
406,406,2014-03-07 17:07:09.869,2014-03-07 17:07:09.900,18118.94269632412,38081.7653846541,706.705115208686,T-Channel RX,133.0,10600.0,-0.5025881407270881,37755.47520971972
407,407,2014-03-07 17:07:10.029,2014-03-07 17:07:10.000,18118.94247342167,38081.76547227043,706.6979903052354,T-Channel RX,132.0,10600.0,-0.5025881407270881,37755.47598744333
408,408,2014-03-07 17:07:10.197,2014-03-07 17:07:10.200,18118.94269632412,38081.7653846541,706.705115208686,T-Channel RX,132.0,10600.0,-0.5025881407270881,37755.47520971972
409,409,2014-03-07 17:07:10.349,2014-03-07 17:07:10.300,18118.94247342167,38081.76547227043,706.6979903052354,T-Channel RX,133.0,10600.0,-0.5025881407270881,37755.47598744333
410,410,2014-03-07 17:07:10.509,2014-03-07 17:07:10.500,18118.94269632412,38081.7653846541,706.705115208686,T-Channel RX,133.0,10600.0,-0.5025881407270881,37755.47520971972
411,411,2014-03-07 17:07:10.669,2014-03-07 17:07:10.700,18118.94269632412,38081.7653846541,706.705115208686,T-Channel RX,132.0,10600.0,-0.5025881407270881,37755.47520971972
412,412,2014-03-07 17:07:10.829,2014-03-07 17:07:10.800,18118.94247342167,38081.76547227043,706.6979903052354,T-Channel RX,132.0,10600.0,-0.5025881407270881,37755.47598744333
413,413,2014-03-07 17:07:10.989,2014-03-07 17:07:11.000,18118.94269632412,38081.7653846541,706.705115208686,T-Channel RX,132.0,10600.0,-0.5025881407270881,37755.47520971972
414,414,2014-03-07 17:07:11.028,2014-03-07 17:07:11.000,18118.94224996472,38081.76556014915,706.6908653642441,T-Channel RX,132.0,10600.0,-0.5025881407270881,37755.47676523707
415,415,2014-03-07 17:07:12.748,2014-03-07 17:07:12.700,18118.9460471625,38081.76406676137,706.8119842552356,T-Channel RX,137.0,10600.0,-0.5025881407270881,37755.46354345076
416,416,2014-03-07 17:07:12.909,2014-03-07 17:07:12.900,18118.94269632412,38081.7653846541,706.705115208686,T-Channel RX,137.0,10600.0,-0.5025881407270881,37755.47520971972
417,417,2014-03-07 17:07:13.068,2014-03-07 17:07:13.100,18118.94269632412,38081.7653846541,706.705115208686,T-Channel RX,138.0,10600.0,-0.5025881407270881,37755.47520971972
418,418,2014-03-07 17:07:13.229,2014-03-07 17:07:13.200,18118.94247342167,38081.76547227043,706.6979903052354,T-Channel RX,138.0,10600.0,-0.5025881407270881,37755.47598744333
419,419,2014-03-07 17:07:13.388,2014-03-07 17:07:13.400,18118.94269632412,38081.7653846541,706.705115208686,T-Channel RX,137.0,10600.0,-0.5025881407270881,37755.47520971972
420,420,2014-03-07 17:07:13.548,2014-03-07 17:07:13.500,18118.94247342167,38081.76547227043,706.6979903052354,T-Channel RX,137.0,10600.0,-0.5025881407270881,37755.47598744333
421,421,2014-03-07 17:07:13.709,2014-03-07 17:07:13.700,18118.94269632412,38081.7653846541,706.705115208686,T-Channel RX,137.0,10600.0,-0.5025881407270881,37755.47520971972
422,422,2014-03-07 17:07:13.868,2014-03-07 17:07:13.900,18118.94269632412,38081.7653846541,706.705115208686,T-Channel RX,137.0,10600.0,-0.5025881407270881,37755.47520971972
423,423,2014-03-07 17:07:14.029,2014-03-07 17:07:14.000,18118.94247342167,38081.76547227043,706.6979903052354,T-Channel RX,137.0,10600.0,-0.5025881407270881,37755.47598744333
424,424,2014-03-07 17:07:14.188,2014-03-07 17:07:14.200,18118.94269632412,38081.7653846541,706.705115208686,T-Channel RX,137.0,10600.0,-0.5025881407270881,37755.47520971972
425,425,2014-03-07 17:07:14.348,2014-03-07 17:07:14.300,18118.94247342167,38081.76547227043,706.6979903052354,T-Channel RX,137.0,10600.0,-0.5025881407270881,37755.47598744333
426,426,2014-03-07 17:07:14.510,2014-03-07 17:07:14.500,18118.94269632412,38081.7653846541,706.705115208686,T-Channel RX,137.0,10600.0,-0.5025881407270881,37755.47520971972
427,427,2014-03-07 17:07:14.669,2014-03-07 17:07:14.700,18118.94269632412,38081.7653846541,706.705115208686,T-Channel RX,137.0,10600.0,-0.5025881407270881,37755.47520971972
428,428,2014-03-07 17:07:14.829,2014-03-07 17:07:14.800,18118.94247342167,38081.76547227043,706.6979903052354,T-Channel RX,137.0,10600.0,-0.5025881407270881,37755.47598744333
429,429,2014-03-07 17:07:15.028,2014-03-07 17:07:15.000,18118.94269632412,38081.7653846541,706.705115208686,T-Channel RX,138.0,10600.0,-0.5025881407270881,37755.47520971972
430,430,2014-03-07 17:07:18.906,2014-03-07 17:07:18.900,18118.95096162298,38081.762133311364,706.9687102413983,R-Channel RX,132.0,15600.0,-0.460468140727088,32187.446434490623
431,431,2014-03-07 17:07:19.407,2014-03-07 17:07:19.400,18118.943366968993,38081.765120874574,706.7264896937825,R-Channel RX,132.0,15660.0,-0.460468140727088,32196.47287634005
432,432,2014-03-07 17:07:23.766,2014-03-07 17:07:23.800,18118.952078837567,38081.76169365439,707.0043272488455,T-Channel RX,137.0,10640.0,-0.5025881407270881,37761.4425463137
433,433,2014-03-07 17:07:23.908,2014-03-07 17:07:23.900,18118.94247342167,38081.76547227043,706.6979903052354,T-Channel RX,137.0,10640.0,-0.5025881407270881,37761.475987443315
434,434,2014-03-07 17:07:24.069,2014-03-07 17:07:24.100,18118.94269632412,38081.7653846541,706.705115208686,T-Channel RX,137.0,10640.0,-0.5025881407270881,37761.475209719705
435,435,2014-03-07 17:07:24.258,2014-03-07 17:07:24.300,18118.94269632412,38081.7653846541,706.705115208686,T-Channel RX,137.0,10640.0,-0.5025881407270881,37761.475209719705
436,436,2014-03-07 17:07:24.389,2014-03-07 17:07:24.400,18118.94247342167,38081.76547227043,706.6979903052354,T-Channel RX,133.0,10640.0,-0.5025881407270881,37761.475987443315
437,437,2014-03-07 17:07:24.559,2014-03-07 17:07:24.600,18118.94269632412,38081.7653846541,706.705115208686,T-Channel RX,133.0,10640.0,-0.5025881407270881,37761.475209719705
438,438,2014-03-07 17:07:24.709,2014-03-07 17:07:24.700,18118.94247342167,38081.76547227043,706.6979903052354,T-Channel RX,133.0,10640.0,-0.5025881407270881,37761.475987443315
439,439,2014-03-07 17:07:24.869,2014-03-07 17:07:24.900,18118.94269632412,38081.7653846541,706.705115208686,T-Channel RX,133.0,10640.0,-0.5025881407270881,37761.475209719705
440,440,2014-03-07 17:07:25.029,2014-03-07 17:07:25.000,18118.94247342167,38081.76547227043,706.6979903052354,T-Channel RX,133.0,10640.0,-0.5025881407270881,37761.475987443315
441,441,2014-03-07 17:07:25.189,2014-03-07 17:07:25.200,18118.94269632412,38081.7653846541,706.705115208686,T-Channel RX,133.0,10640.0,-0.5025881407270881,37761.475209719705
442,442,2014-03-07 17:07:25.352,2014-03-07 17:07:25.400,18118.94269632412,38081.7653846541,706.705115208686,T-Channel RX,134.0,10640.0,-0.5025881407270881,37761.475209719705
443,443,2014-03-07 17:07:25.509,2014-03-07 17:07:25.500,18118.94247342167,38081.76547227043,706.6979903052354,T-Channel RX,134.0,10640.0,-0.5025881407270881,37761.475987443315
444,444,2014-03-07 17:07:25.669,2014-03-07 17:07:25.700,18118.94269632412,38081.7653846541,706.705115208686,T-Channel RX,134.0,10640.0,-0.5025881407270881,37761.475209719705
445,445,2014-03-07 17:07:25.829,2014-03-07 17:07:25.800,18118.94247342167,38081.76547227043,706.6979903052354,T-Channel RX,134.0,10640.0,-0.5025881407270881,37761.475987443315
446,446,2014-03-07 17:07:26.003,2014-03-07 17:07:26.000,18118.94269632412,38081.7653846541,706.705115208686,T-Channel RX,134.0,10640.0,-0.5025881407270881,37761.475209719705
447,447,2014-03-07 17:07:26.028,2014-03-07 17:07:26.000,18118.94224996472,38081.76556014915,706.6908653642441,T-Channel RX,134.0,10640.0,-0.5025881407270881,37761.47676523706
448,448,2014-03-07 17:07:27.749,2014-03-07 17:07:27.700,18118.9460471625,38081.76406676137,706.8119842552356,T-Channel RX,134.0,10640.0,-0.5025881407270881,37761.46354345074
449,449,2014-03-07 17:07:27.909,2014-03-07 17:07:27.900,18118.94269632412,38081.7653846541,706.705115208686,T-Channel RX,134.0,10640.0,-0.5025881407270881,37761.475209719705
450,450,2014-03-07 17:07:28.069,2014-03-07 17:07:28.100,18118.94269632412,38081.7653846541,706.705115208686,T-Channel RX,134.0,10640.0,-0.5025881407270881,37761.475209719705
451,451,2014-03-07 17:07:28.228,2014-03-07 17:07:28.200,18118.94247342167,38081.76547227043,706.6979903052354,T-Channel RX,134.0,10640.0,-0.5025881407270881,37761.475987443315
452,452,2014-03-07 17:07:28.388,2014-03-07 17:07:28.400,18118.94269632412,38081.7653846541,706.705115208686,T-Channel RX,135.0,10640.0,-0.5025881407270881,37761.475209719705
453,453,2014-03-07 17:07:28.548,2014-03-07 17:07:28.500,18118.94247342167,38081.76547227043,706.6979903052354,T-Channel RX,135.0,10640.0,-0.5025881407270881,37761.475987443315
454,454,2014-03-07 17:07:28.709,2014-03-07 17:07:28.700,18118.94269632412,38081.7653846541,706.705115208686,T-Channel RX,134.0,10640.0,-0.5025881407270881,37761.475209719705
455,455,2014-03-07 17:07:28.894,2014-03-07 17:07:28.900,18118.94269632412,38081.7653846541,706.705115208686,T-Channel RX,134.0,10640.0,-0.5025881407270881,37761.475209719705
456,456,2014-03-07 17:07:29.029,2014-03-07 17:07:29.000,18118.94247342167,38081.76547227043,706.6979903052354,T-Channel RX,134.0,10640.0,-0.5025881407270881,37761.475987443315
457,457,2014-03-07 17:07:29.188,2014-03-07 17:07:29.200,18118.94269632412,38081.7653846541,706.705115208686,T-Channel RX,134.0,10640.0,-0.5025881407270881,37761.475209719705
458,458,2014-03-07 17:07:29.349,2014-03-07 17:07:29.300,18118.94247342167,38081.76547227043,706.6979903052354,T-Channel RX,135.0,10640.0,-0.5025881407270881,37761.475987443315
459,459,2014-03-07 17:07:29.509,2014-03-07 17:07:29.500,18118.94269632412,38081.7653846541,706.705115208686,T-Channel RX,135.0,10640.0,-0.5025881407270881,37761.475209719705
460,460,2014-03-07 17:07:29.675,2014-03-07 17:07:29.700,18118.94269632412,38081.7653846541,706.705115208686,T-Channel RX,135.0,10640.0,-0.5025881407270881,37761.475209719705
461,461,2014-03-07 17:07:29.829,2014-03-07 17:07:29.800,18118.94247342167,38081.76547227043,706.6979903052354,T-Channel RX,135.0,10640.0,-0.5025881407270881,37761.475987443315
462,462,2014-03-07 17:07:29.988,2014-03-07 17:07:30.000,18118.94269632412,38081.7653846541,706.705115208686,T-Channel RX,135.0,10640.0,-0.5025881407270881,37761.475209719705
463,463,2014-03-07 17:07:33.907,2014-03-07 17:07:33.900,18118.95096162298,38081.762133311364,706.9687102413983,R-Channel RX,130.0,15620.0,-0.460468140727088,32190.446434490623
464,464,2014-03-07 17:07:34.427,2014-03-07 17:07:34.400,18118.943366968993,38081.765120874574,706.7264896937825,R-Channel RX,132.0,15620.0,-0.460468140727088,32190.47287634005
465,465,2014-03-07 17:07:38.749,2014-03-07 17:07:38.700,18118.95185525679,38081.76178165426,706.9972039224698,T-Channel RX,136.0,10620.0,-0.5025881407270881,37758.443323957945
466,466,2014-03-07 17:07:38.910,2014-03-07 17:07:38.900,18118.94269632412,38081.7653846541,706.705115208686,T-Channel RX,136.0,10620.0,-0.5025881407270881,37758.475209719705
467,467,2014-03-07 17:07:39.076,2014-03-07 17:07:39.100,18118.94269632412,38081.7653846541,706.705115208686,T-Channel RX,136.0,10620.0,-0.5025881407270881,37758.475209719705
468,468,2014-03-07 17:07:39.229,2014-03-07 17:07:39.200,18118.94247342167,38081.76547227043,706.6979903052354,T-Channel RX,136.0,10620.0,-0.5025881407270881,37758.475987443315
469,469,2014-03-07 17:07:39.389,2014-03-07 17:07:39.400,18118.94269632412,38081.7653846541,706.705115208686,T-Channel RX,135.0,10620.0,-0.5025881407270881,37758.475209719705
470,470,2014-03-07 17:07:39.549,2014-03-07 17:07:39.500,18118.94247342167,38081.76547227043,706.6979903052354,T-Channel RX,135.0,10620.0,-0.5025881407270881,37758.475987443315
471,471,2014-03-07 17:07:39.709,2014-03-07 17:07:39.700,18118.94269632412,38081.7653846541,706.705115208686,T-Channel RX,136.0,10620.0,-0.5025881407270881,37758.475209719705
472,472,2014-03-07 17:07:39.869,2014-03-07 17:07:39.900,18118.94269632412,38081.7653846541,706.705115208686,T-Channel RX,136.0,10620.0,-0.5025881407270881,37758.475209719705
473,473,2014-03-07 17:07:40.030,2014-03-07 17:07:40.000,18118.94247342167,38081.76547227043,706.6979903052354,T-Channel RX,135.0,10620.0,-0.5025881407270881,37758.475987443315
474,474,2014-03-07 17:07:40.189,2014-03-07 17:07:40.200,18118.94269632412,38081.7653846541,706.705115208686,T-Channel RX,135.0,10620.0,-0.5025881407270881,37758.475209719705
475,475,2014-03-07 17:07:40.349,2014-03-07 17:07:40.300,18118.94247342167,38081.76547227043,706.6979903052354,T-Channel RX,135.0,10620.0,-0.5025881407270881,37758.475987443315
476,476,2014-03-07 17:07:40.509,2014-03-07 17:07:40.500,18118.94269632412,38081.7653846541,706.705115208686,T-Channel RX,135.0,10620.0,-0.5025881407270881,37758.475209719705
477,477,2014-03-07 17:07:40.673,2014-03-07 17:07:40.700,18118.94269632412,38081.7653846541,706.705115208686,T-Channel RX,135.0,10620.0,-0.5025881407270881,37758.475209719705
478,478,2014-03-07 17:07:40.829,2014-03-07 17:07:40.800,18118.94247342167,38081.76547227043,706.6979903052354,T-Channel RX,135.0,10620.0,-0.5025881407270881,37758.475987443315
479,479,2014-03-07 17:07:40.989,2014-03-07 17:07:41.000,18118.94269632412,38081.7653846541,706.705115208686,T-Channel RX,135.0,10620.0,-0.5025881407270881,37758.475209719705
480,480,2014-03-07 17:07:41.029,2014-03-07 17:07:41.000,18118.94224996472,38081.76556014915,706.6908653642441,T-Channel RX,135.0,10620.0,-0.5025881407270881,37758.47676523706
481,481,2014-03-07 17:07:42.762,2014-03-07 17:07:42.800,18118.9462708907,38081.763978728966,706.8191085579738,T-Channel RX,135.0,10620.0,-0.5025881407270881,37758.462765689525
482,482,2014-03-07 17:07:42.909,2014-03-07 17:07:42.900,18118.94247342167,38081.76547227043,706.6979903052354,T-Channel RX,135.0,10620.0,-0.5025881407270881,37758.475987443315
483,483,2014-03-07 17:07:43.093,2014-03-07 17:07:43.100,18118.94269632412,38081.7653846541,706.705115208686,T-Channel RX,135.0,10620.0,-0.5025881407270881,37758.475209719705
484,484,2014-03-07 17:07:43.258,2014-03-07 17:07:43.300,18118.94269632412,38081.7653846541,706.705115208686,T-Channel RX,135.0,10620.0,-0.5025881407270881,37758.475209719705
485,485,2014-03-07 17:07:43.405,2014-03-07 17:07:43.400,18118.94247342167,38081.76547227043,706.6979903052354,T-Channel RX,135.0,10620.0,-0.5025881407270881,37758.475987443315
486,486,2014-03-07 17:07:43.549,2014-03-07 17:07:43.500,18118.94247342167,38081.76547227043,706.6979903052354,T-Channel RX,135.0,10620.0,-0.5025881407270881,37758.475987443315
487,487,2014-03-07 17:07:43.743,2014-03-07 17:07:43.700,18118.94269632412,38081.7653846541,706.705115208686,T-Channel RX,136.0,10620.0,-0.5025881407270881,37758.475209719705
488,488,2014-03-07 17:07:43.869,2014-03-07 17:07:43.900,18118.94269632412,38081.7653846541,706.705115208686,T-Channel RX,136.0,10620.0,-0.5025881407270881,37758.475209719705
489,489,2014-03-07 17:07:44.029,2014-03-07 17:07:44.000,18118.94247342167,38081.76547227043,706.6979903052354,T-Channel RX,134.0,10620.0,-0.5025881407270881,37758.475987443315
490,490,2014-03-07 17:07:44.197,2014-03-07 17:07:44.200,18118.94269632412,38081.7653846541,706.705115208686,T-Channel RX,134.0,10620.0,-0.5025881407270881,37758.475209719705
491,491,2014-03-07 17:07:44.389,2014-03-07 17:07:44.400,18118.94269632412,38081.7653846541,706.705115208686,T-Channel RX,135.0,10620.0,-0.5025881407270881,37758.475209719705
492,492,2014-03-07 17:07:44.517,2014-03-07 17:07:44.500,18118.94247342167,38081.76547227043,706.6979903052354,T-Channel RX,135.0,10620.0,-0.5025881407270881,37758.475987443315
493,493,2014-03-07 17:07:44.669,2014-03-07 17:07:44.700,18118.94269632412,38081.7653846541,706.705115208686,T-Channel RX,135.0,10620.0,-0.5025881407270881,37758.475209719705
494,494,2014-03-07 17:07:44.829,2014-03-07 17:07:44.800,18118.94247342167,38081.76547227043,706.6979903052354,T-Channel RX,135.0,10620.0,-0.5025881407270881,37758.475987443315
495,495,2014-03-07 17:07:44.989,2014-03-07 17:07:45.000,18118.94269632412,38081.7653846541,706.705115208686,T-Channel RX,135.0,10620.0,-0.5025881407270881,37758.475209719705
496,496,2014-03-07 17:07:48.907,2014-03-07 17:07:48.900,18118.95096162298,38081.762133311364,706.9687102413983,R-Channel RX,131.0,15620.0,-0.460468140727088,32190.446434490623
497,497,2014-03-07 18:25:27.421,2014-03-07 18:25:27.400,18128.87798995141,38076.68851920102,991.927643302956,R-Channel RX,142.0,17120.0,-0.460468140727088,32384.115222758337
498,498,2014-03-07 18:25:34.461,2014-03-07 18:25:34.500,18118.95811040136,38081.75931954511,707.1966428630359,R-Channel RX,273.0,51700.0,-0.460468140727088,37602.421551976666
499,499,2014-03-07 18:27:03.905,2014-03-07 18:27:03.900,18119.14182302739,38081.68651476553,713.0455324015725,R-Channel RX,176.0,12560.0,-0.460468140727088,31730.78297141347
500,500,2014-03-07 18:27:04.405,2014-03-07 18:27:04.400,18118.943366968993,38081.765120874574,706.7264896937825,R-Channel RX,175.0,12520.0,-0.460468140727088,31725.47287634005
501,501,2014-03-07 18:27:08.404,2014-03-07 18:27:08.400,18118.95118534367,38081.762045250696,706.9758337180025,R-Channel RX,172.0,12520.0,-0.460468140727088,31725.445656814372
502,502,2014-03-07 18:28:05.904,2014-03-07 18:28:05.900,18119.07064255616,38081.714836780986,710.7814992787022,R-Channel RX,144.0,12500.0,-0.460468140727088,31722.03017707385
503,503,2014-03-07 18:28:10.260,2014-03-07 18:28:10.300,18118.952078837567,38081.76169365439,707.0043272488455,T-Channel RX,148.0,7540.0,-0.5025881407270881,37296.4425463137
504,504,2014-03-07 18:28:10.398,2014-03-07 18:28:10.400,18118.94247342167,38081.76547227043,706.6979903052354,T-Channel RX,148.0,7540.0,-0.5025881407270881,37296.475987443315
505,505,2014-03-07 18:28:10.559,2014-03-07 18:28:10.600,18118.94269632412,38081.7653846541,706.705115208686,T-Channel RX,147.0,7540.0,-0.5025881407270881,37296.475209719705
506,506,2014-03-07 18:28:10.718,2014-03-07 18:28:10.700,18118.94247342167,38081.76547227043,706.6979903052354,T-Channel RX,147.0,7540.0,-0.5025881407270881,37296.475987443315
507,507,2014-03-07 18:28:10.879,2014-03-07 18:28:10.900,18118.94269632412,38081.7653846541,706.705115208686,T-Channel RX,147.0,7540.0,-0.5025881407270881,37296.475209719705
508,508,2014-03-07 18:28:11.054,2014-03-07 18:28:11.100,18118.94269632412,38081.7653846541,706.705115208686,T-Channel RX,147.0,7540.0,-0.5025881407270881,37296.475209719705
509,509,2014-03-07 18:28:14.904,2014-03-07 18:28:14.900,18118.95073901028,38081.76222084341,706.9615867272397,R-Channel RX,143.0,12480.0,-0.460468140727088,31719.447212038176
510,510,2014-03-07 19:41:02.906,2014-03-07 19:41:02.900,18128.288444978607,38077.04086222811,977.172234916378,R-Channel RX,111.0,11500.0,-0.460468140727088,31542.751463897002
511,511,2014-03-07 20:41:04.904,2014-03-07 20:41:04.900,18126.71466319623,38077.95817502062,936.1828922861637,R-Channel RX,141.0,11740.0,-0.460468140727088,31583.28660466444
512,512,2014-03-07 21:41:26.905,2014-03-07 21:41:26.900,18126.75611442028,38077.9344965531,937.290764273224,R-Channel RX,168.0,12780.0,-0.460468140727088,31739.16420842056
513,513,2014-03-07 22:41:21.906,2014-03-07 22:41:21.900,18126.70015084893,38077.966458414034,935.7946671388523,R-Channel RX,204.0,14540.0,-0.460468140727088,32003.32949301044
514,514,2014-03-08 00:10:59.928,2014-03-08 00:10:59.900,18130.3215727299,38075.80973453968,1026.545951922554,R-Channel RX,252.0,18040.0,-0.460468140727088,32518.267350009955
515,515,2014-03-08 00:19:29.416,2014-03-08 00:19:29.400,18120.07577967818,38081.30184076481,742.4969937404511,R-Channel RX,182.0,23000.0,-0.460468140727088,33293.565010505925
516,516,2014-03-08 00:19:37.443,2014-03-08 00:19:37.400,18118.96012017436,38081.758528296916,707.260741982161,R-Channel RX,-2.0,49660.0,-0.460468140727088,37296.41455457325
